AreaLabel,CPP,Most_Deprived_Comm,Positive Destinations_2017/18_CPPScore,Child Poverty_2006/07,Child Poverty_2017/18,Child Poverty_2017/18_Change,Crime Rate_2006/07,Crime Rate_2017/18,Crime Rate_2017/18_Change,Depopulation_2006/07,Depopulation_2017/18,Depopulation_2017/18_Change,Early Mortality_2006/07,Early Mortality_2017/18,Early Mortality_2017/18_Change,Emergency Admissions_2006/07,Emergency Admissions_2017/18,Emergency Admissions_2017/18_Change,Out of Work Benefits_2006/07,Out of Work Benefits_2017/18,Out of Work Benefits_2017/18_Change,Positive Destinations_2006/07,Positive Destinations_2017/18,Positive Destinations_2017/18_Change,Average Highest Attainment_2006/07,Average Highest Attainment_2017/18,Average Highest Attainment_2017/18_Change
Aberdeen City,Aberdeen City,1st Most Vulnerable,Faster,43.68,21.6,Faster,2452,917,Faster,110.51,119.24,Slower,639,592,Faster,37791,32699,Faster,25.9,14.48,Faster,62.88,97.06,Faster,3.79,4.97,Faster
Aberdeenshire,Aberdeenshire,1st Most Vulnerable,Faster,35.25,19.22,Faster,2633,1225,Faster,97.64,96.54,Slower,947,647,Faster,30124,33021,Slower,23.3,17.6,Faster,91.95,88.61,Slower,4.15,4.99,Faster
Angus,Angus,1st Most Vulnerable,Faster,21.38,20.49,Slower,1469,915,Slower,96.13,91.29,Faster,620,810,Slower,24034,23915,Faster,20.75,17.12,Faster,67.71,100,Faster,4.61,5.34,Faster
Argyll and Bute,Argyll and Bute,1st Most Vulnerable,Slower,22.3,26.36,Slower,1107,499,Faster,106.5,124.89,Slower,667,456,Faster,22217,23844,Slower,18.73,17.44,Slower,85.86,89.05,Slower,5.23,5.64,Faster
Clackmannanshire,Clackmannanshire,1st Most Vulnerable,Slower,47.16,37.65,Faster,1896,1307,Slower,99.7,102.73,Slower,600,740,Slower,22894,24890,Slower,33.39,26.84,Slower,69.06,68.85,Slower,4.37,4.55,Faster
Dumfries and Galloway,Dumfries and Galloway,1st Most Vulnerable,Slower,27.14,38.75,Slower,1755,607,Faster,98.74,99.9,Slower,597,654,Slower,24223,31829,Slower,14.97,12.5,Slower,77.32,73.51,Slower,5.14,4.69,Slower
Dundee City,Dundee City,1st Most Vulnerable,Slower,39.34,38.13,Slower,1525,935,Slower,101.96,98.19,Faster,854,916,Slower,28558,31210,Faster,24.13,20.51,Slower,57.14,100,Faster,5.38,4.22,Slower
East Ayrshire,East Ayrshire,1st Most Vulnerable,Faster,40.74,38.72,Slower,2044,1442,Slower,94.19,83.21,Faster,1094,583,Faster,33343,34456,Faster,7.36,4.88,Faster,64.05,99.19,Faster,5.17,4.55,Slower
East Dunbartonshire,East Dunbartonshire,1st Most Vulnerable,Faster,34.12,30.35,Faster,1330,713,Faster,101.64,98.82,Faster,728,532,Faster,32283,36376,Faster,15.09,11.34,Faster,79.27,100,Faster,5.06,5.36,Faster
East Lothian,East Lothian,1st Most Vulnerable,Faster,26.67,14.04,Faster,816,345,Faster,95.81,87.05,Slower,496,440,Slower,22341,24936,Slower,27.01,17.23,Faster,60.31,99.99,Faster,4.91,5.3,Faster
East Renfrewshire,East Renfrewshire,1st Most Vulnerable,Slower,33.69,24.21,Faster,1366,934,Slower,100.12,98.58,Slower,781,651,Slower,27462,35598,Slower,24.46,17.88,Slower,80.54,93.3,Faster,5.36,5.45,Faster
"Edinburgh, City of","Edinburgh, City of",1st Most Vulnerable,Faster,57.48,34.17,Faster,4799,964,Faster,77.88,43.16,Faster,1547,1591,Slower,37696,28383,Faster,11.26,1.62,Faster,54.04,99.98,Faster,3.75,5.21,Faster
Eilean Siar,Eilean Siar,1st Most Vulnerable,Faster,14.6,7.38,Faster,245,0,Faster,99.82,102.47,Slower,434,332,Faster,24509,19407,Faster,12.86,8.4,Faster,71.73,100,Faster,5.48,5.66,Slower
Falkirk,Falkirk,1st Most Vulnerable,Slower,37.41,37.42,Slower,1604,765,Faster,94.84,89.22,Faster,855,737,Slower,29173,38837,Slower,11.99,11.14,Slower,75.56,78.22,Slower,5.53,4.43,Slower
Fife,Fife,1st Most Vulnerable,Slower,52.66,36.37,Faster,1638,1202,Slower,102.14,108.78,Slower,687,695,Slower,26297,30807,Faster,33.56,30.45,Slower,57.94,99.58,Faster,4.75,4.3,Slower
Glasgow City,Glasgow City,1st Most Vulnerable,Slower,62.72,52.07,Slower,2380,1194,Faster,101.34,94.66,Faster,1023,918,Slower,37959,53876,Slower,44.99,27.92,Faster,75.59,81.37,Slower,4.35,4.88,Faster
Highland,Highland,1st Most Vulnerable,Faster,44,37.57,Faster,2883,1156,Faster,92.39,83.31,Faster,1006,919,Slower,33781,32449,Slower,34.84,21.04,Faster,69.78,100,Faster,4.22,4.49,Faster
Inverclyde,Inverclyde,1st Most Vulnerable,Slower,43.44,38.57,Slower,2034,1390,Slower,103.05,108.69,Faster,1091,680,Faster,30155,37285,Slower,38.66,32.12,Slower,80.61,93.33,Faster,5.24,5.12,Slower
Midlothian,Midlothian,1st Most Vulnerable,Slower,25.46,40.63,Slower,2675,2071,Slower,103.15,99.26,Slower,695,639,Faster,28411,24176,Faster,25.45,23.92,Slower,74.76,76.2,Slower,5.19,4.86,Slower
Moray,Moray,1st Most Vulnerable,Slower,17.02,16.33,Slower,943,314,Faster,101.53,109.45,Slower,481,450,Slower,21554,19436,Faster,14.39,12.08,Slower,94.27,78.31,Slower,5.22,5.49,Faster
North Ayrshire,North Ayrshire,1st Most Vulnerable,Slower,49.73,37.89,Faster,1917,1337,Slower,96.86,92.77,Faster,858,763,Slower,32363,45345,Slower,35.5,28.36,Faster,76.39,88.62,Faster,5.6,4.86,Slower
North Lanarkshire,North Lanarkshire,1st Most Vulnerable,Slower,54.86,40.18,Faster,1595,1407,Slower,92.03,79.62,Faster,924,1203,Slower,31982,38034,Faster,33.94,23.05,Faster,67.61,83.96,Faster,4.62,4.29,Slower
Orkney Islands,Orkney Islands,1st Most Vulnerable,Slower,8.61,17.49,Slower,368,314,Slower,100.45,105.23,Slower,540,470,Slower,25532,26739,Slower,9.98,9.66,Slower,92.17,86.7,Faster,5.7,5.61,Slower
Perth and Kinross,Perth and Kinross,1st Most Vulnerable,Slower,22.64,28.4,Slower,2533,1890,Slower,96.32,88.15,Faster,693,543,Faster,24162,34064,Slower,25.72,18.42,Faster,97.21,75.99,Slower,5.49,5.06,Slower
Renfrewshire,Renfrewshire,1st Most Vulnerable,Faster,48.85,36.5,Faster,2162,1260,Slower,101.48,100.86,Slower,1288,638,Faster,42059,45105,Faster,38.92,28.04,Faster,63.07,72.85,Faster,4.32,4.96,Faster
Scottish Borders,Scottish Borders,1st Most Vulnerable,Slower,36.52,30.4,Faster,834,701,Slower,98.81,102.46,Slower,481,601,Slower,22346,34477,Slower,25.34,21.4,Faster,61.69,100,Faster,4.86,4.62,Slower
Shetland Islands,Shetland Islands,1st Most Vulnerable,Faster,13.74,5.35,Faster,326,71,Faster,101.66,101.57,Slower,504,260,Faster,21915,27974,Slower,9.85,5.44,Faster,80.03,100,Faster,5.09,5.71,Faster
South Ayrshire,South Ayrshire,1st Most Vulnerable,Faster,50.15,31.18,Faster,1428,835,Slower,101.31,103.5,Slower,806,526,Faster,27457,28045,Faster,28.59,21.77,Faster,62.54,92.19,Faster,4.54,4.95,Faster
South Lanarkshire,South Lanarkshire,1st Most Vulnerable,Faster,42.52,31.37,Faster,1785,695,Faster,101.39,106.2,Slower,718,707,Slower,24928,33897,Slower,30.62,21.06,Faster,64.04,100,Faster,5.26,4.49,Slower
Stirling,Stirling,1st Most Vulnerable,Faster,50.41,37.49,Faster,1307,880,Slower,92.88,79.07,Faster,909,751,Faster,31732,32722,Slower,29.44,17.64,Faster,62.81,68.6,Faster,4.12,4.83,Faster
West Dunbartonshire,West Dunbartonshire,1st Most Vulnerable,Slower,42.01,30.66,Faster,952,410,Faster,106.82,118.52,Slower,819,612,Faster,24676,31714,Slower,25.37,18.73,Faster,90.94,70.24,Slower,4.59,5.58,Faster
West Lothian,West Lothian,1st Most Vulnerable,Faster,28.48,25.53,Slower,1423,540,Faster,92.3,83.79,Faster,601,519,Slower,33318,30431,Faster,18.87,12.81,Faster,71.11,98.74,Faster,5.04,5.07,Slower
Aberdeen City,Aberdeen City,2,Faster,43.8,21.38,Faster,1659,1082,Slower,103.75,98.68,Slower,695,600,Faster,36203,32219,Faster,25.96,17.78,Faster,67.49,93.06,Faster,4.2,4.96,Faster
Aberdeenshire,Aberdeenshire,2,Slower,23.13,17.33,Faster,1746,1199,Slower,97.51,96.15,Slower,681,634,Slower,22577,29999,Slower,21.86,14.94,Faster,85.06,87.71,Slower,3.85,5.14,Faster
Angus,Angus,2,Faster,25.59,24.98,Slower,707,481,Slower,100.49,104.26,Slower,525,424,Faster,18912,19947,Slower,19.5,15.81,Faster,64.13,100,Faster,4.55,5.48,Faster
Argyll and Bute,Argyll and Bute,2,Slower,18.51,32.16,Slower,908,593,Slower,104.32,117.38,Slower,606,628,Slower,22658,21844,Slower,15.57,17.24,Slower,85.36,100,Faster,5.27,5.3,Faster
Clackmannanshire,Clackmannanshire,2,Faster,28.14,19.12,Faster,861,435,Slower,96.42,92.95,Faster,497,513,Faster,20457,17633,Faster,22.97,16.52,Faster,75.17,86.16,Slower,5.35,5.17,Slower
Dumfries and Galloway,Dumfries and Galloway,2,Faster,42.02,22.78,Faster,1192,479,Faster,93.72,85.43,Faster,492,411,Faster,21258,23650,Faster,20.08,16.3,Slower,74.04,93.56,Faster,4.97,5.32,Faster
Dundee City,Dundee City,2,Slower,51.46,31.18,Faster,1402,735,Slower,107.09,113.78,Slower,802,599,Faster,24346,28468,Slower,15.44,12.85,Slower,70.91,78.57,Slower,5.13,4.55,Slower
East Ayrshire,East Ayrshire,2,Slower,45.52,46.44,Slower,1084,510,Faster,103.04,108.93,Slower,765,684,Faster,27009,38262,Slower,13.2,9.91,Faster,68.2,100,Faster,5.05,4.47,Slower
East Dunbartonshire,East Dunbartonshire,2,Faster,19.97,19.3,Faster,634,400,Slower,95.6,82.23,Faster,622,532,Slower,30984,39775,Slower,16.2,12.77,Slower,84.66,100,Faster,5.61,5.79,Faster
East Lothian,East Lothian,2,Faster,27.84,23.84,Slower,994,583,Faster,87.9,67.23,Faster,633,414,Faster,26305,24155,Faster,15.94,10.33,Faster,75.82,89.29,Faster,5.21,5,Slower
East Renfrewshire,East Renfrewshire,2,Faster,34.04,27.86,Slower,1162,444,Faster,99.1,95.6,Faster,649,578,Slower,24345,25989,Faster,24.24,14.83,Faster,60.55,100,Faster,5.49,5.28,Slower
"Edinburgh, City of","Edinburgh, City of",2,Faster,52.2,39.73,Slower,2742,511,Faster,95.83,80.4,Faster,878,771,Slower,21413,35643,Slower,26.47,12.93,Faster,55.69,100,Faster,4.28,5.12,Faster
Eilean Siar,Eilean Siar,2,Slower,11.77,9.09,Faster,181,45,Faster,102.46,110.8,Slower,431,465,Slower,20800,24592,Slower,13.57,8.32,Faster,84.41,100,Faster,5.12,6.02,Faster
Falkirk,Falkirk,2,Slower,32.83,27.41,Faster,1394,852,Slower,96.11,92.86,Faster,862,652,Faster,22794,31040,Slower,16.63,12.78,Slower,73.64,74.43,Slower,5.78,4.82,Slower
Fife,Fife,2,Faster,53.25,30.11,Faster,1103,718,Slower,98.48,97.51,Slower,618,441,Faster,24665,26555,Faster,32.92,20,Faster,77.06,96.66,Faster,4.79,4.85,Slower
Glasgow City,Glasgow City,2,Slower,70.83,38.27,Faster,1885,634,Faster,116.1,142.3,Slower,1124,964,Slower,30954,44549,Slower,45.92,28.62,Faster,78.41,71.86,Slower,4.61,4.79,Slower
Highland,Highland,2,Faster,30.75,17.29,Faster,1412,483,Faster,96.06,93.63,Slower,744,444,Faster,21128,29162,Slower,19.92,13.84,Faster,74.09,97.42,Faster,5.15,5.03,Slower
Inverclyde,Inverclyde,2,Faster,45.83,30.03,Faster,1809,448,Faster,109.38,129.94,Slower,901,562,Faster,26923,30708,Faster,33.84,20.68,Faster,81.46,95.42,Faster,5.12,5.18,Faster
Midlothian,Midlothian,2,Faster,39.35,27.06,Faster,1079,513,Faster,107.29,111.72,Slower,446,404,Faster,26059,22894,Faster,19.61,13.93,Faster,57.61,98.56,Faster,5.07,4.98,Slower
Moray,Moray,2,Faster,21.45,12.47,Faster,1033,649,Slower,95.39,90.79,Faster,574,496,Slower,22845,22891,Slower,16.02,12.83,Faster,60.64,99.97,Faster,5.87,4.95,Slower
North Ayrshire,North Ayrshire,2,Slower,37.43,35.71,Faster,1501,872,Slower,98.81,98.51,Faster,864,710,Faster,22814,41519,Slower,36.42,28.49,Faster,66.68,99.95,Faster,5.08,5.08,Slower
North Lanarkshire,North Lanarkshire,2,Faster,27.79,20.37,Faster,898,348,Faster,100.17,102.64,Slower,578,618,Slower,29935,32617,Faster,21,13.91,Faster,79.39,86.92,Slower,5.45,4.93,Slower
Orkney Islands,Orkney Islands,2,Faster,15.02,12.47,Faster,407,40,Faster,96.89,94.43,Slower,341,380,Slower,16908,14084,Faster,10.83,7.94,Faster,99.39,79.94,Slower,5.66,5.75,Slower
Perth and Kinross,Perth and Kinross,2,Slower,27.34,23.65,Faster,1009,285,Faster,99.99,98.6,Slower,533,371,Faster,21345,26383,Slower,19,12.63,Faster,88.42,85.68,Slower,5.51,4.61,Slower
Renfrewshire,Renfrewshire,2,Faster,49.58,25.85,Faster,2028,1226,Slower,101.5,100.92,Slower,1051,787,Faster,35063,40665,Faster,33.47,22.2,Faster,57.43,99.88,Faster,5.33,5.51,Faster
Scottish Borders,Scottish Borders,2,Slower,33.77,34.53,Faster,1151,721,Slower,99.91,105.92,Slower,604,483,Faster,32091,39312,Slower,19.03,17.72,Slower,78.27,89.5,Faster,4.55,4.85,Faster
Shetland Islands,Shetland Islands,2,Slower,7.69,9.08,Slower,778,467,Slower,104.55,110.47,Slower,557,506,Slower,28360,25823,Faster,7.75,5.97,Slower,98.22,92.23,Slower,5.04,5.83,Faster
South Ayrshire,South Ayrshire,2,Slower,35.74,36.65,Slower,1836,1618,Slower,104.04,112.1,Slower,779,890,Slower,30590,33397,Faster,27.58,23.45,Slower,65.83,91.95,Faster,4.86,5.13,Faster
South Lanarkshire,South Lanarkshire,2,Slower,28.41,25.13,Faster,1175,1149,Slower,101.19,105.57,Slower,763,888,Slower,33999,38033,Faster,26.63,21.31,Slower,82.94,77.94,Slower,4.94,4.97,Slower
Stirling,Stirling,2,Slower,25.17,25.83,Slower,1090,525,Faster,95.19,85.13,Faster,484,410,Faster,25479,30766,Slower,21.86,14.79,Faster,81.96,60.39,Slower,4.82,5.44,Faster
West Dunbartonshire,West Dunbartonshire,2,Faster,38.04,25.41,Faster,2203,907,Faster,103.86,108.94,Slower,998,895,Slower,35565,39562,Slower,24.83,19.25,Slower,86.14,90.92,Slower,5.05,5.4,Faster
West Lothian,West Lothian,2,Faster,29.96,15.6,Faster,1031,448,Faster,93.02,85.75,Faster,706,427,Faster,22206,25543,Slower,17.07,11.75,Faster,76.28,89.73,Faster,5.06,5.47,Faster
Aberdeen City,Aberdeen City,3,Faster,33.9,17.73,Faster,2885,1110,Faster,101.42,92.2,Faster,1012,660,Faster,33610,32940,Faster,26.82,16.71,Faster,56.69,100,Faster,4.81,4.87,Slower
Aberdeenshire,Aberdeenshire,3,Faster,28.72,17.51,Faster,821,489,Slower,99.38,101.77,Slower,593,520,Slower,22592,21985,Slower,16.14,14.41,Slower,89.52,86.18,Slower,3.89,5.54,Faster
Angus,Angus,3,Faster,18.95,21.57,Slower,867,465,Faster,98.85,99.23,Slower,566,546,Slower,25150,22760,Faster,15.54,11.37,Faster,90.5,99.23,Slower,4.84,5.4,Faster
Argyll and Bute,Argyll and Bute,3,Faster,21.52,17.59,Faster,1242,474,Faster,102.95,112.82,Slower,603,532,Slower,30460,25086,Faster,14.24,11.01,Faster,82.97,100,Faster,5.25,5.43,Faster
Clackmannanshire,Clackmannanshire,3,Faster,19.58,16.94,Slower,959,296,Faster,89.81,75.14,Faster,449,478,Slower,23979,20017,Faster,15.35,11.31,Faster,75.02,89.77,Faster,5.15,5.42,Faster
Dumfries and Galloway,Dumfries and Galloway,3,Slower,15.49,28.76,Slower,2188,1987,Slower,99.6,102.53,Slower,558,751,Slower,23811,28388,Slower,25.52,19.83,Faster,77.7,96.79,Faster,5.49,5.31,Slower
Dundee City,Dundee City,3,Faster,45.05,31.4,Faster,1182,585,Faster,103.35,102.26,Slower,804,515,Faster,24288,26569,Faster,29.04,23.1,Slower,76.87,80.73,Slower,4.66,5.05,Faster
East Ayrshire,East Ayrshire,3,Faster,34.65,30.87,Faster,1119,727,Slower,98,93.74,Faster,941,625,Faster,26592,34484,Slower,5.91,4.3,Faster,78.87,89.67,Slower,5.1,5.04,Slower
East Dunbartonshire,East Dunbartonshire,3,Faster,24.31,15.15,Faster,436,492,Slower,109.78,124.52,Slower,764,394,Faster,28182,31824,Faster,8.87,6.42,Faster,84.28,98.49,Faster,5.62,5.71,Slower
East Lothian,East Lothian,3,Faster,25.65,17.1,Faster,710,296,Faster,88.44,68.48,Faster,636,428,Faster,25444,27216,Slower,7.94,2.97,Faster,81.19,90.92,Slower,5.05,5.17,Slower
East Renfrewshire,East Renfrewshire,3,Slower,16.39,12.15,Faster,422,347,Slower,104.17,111.05,Slower,516,388,Faster,24039,26264,Faster,14.22,11.43,Slower,87.72,87.88,Slower,5.76,5.91,Faster
"Edinburgh, City of","Edinburgh, City of",3,Faster,50.15,40.01,Slower,1602,562,Faster,100.12,91.7,Slower,840,841,Slower,26892,35664,Slower,5.21,3.89,Slower,63.16,99.67,Faster,4.22,5.04,Faster
Eilean Siar,Eilean Siar,3,Faster,11.93,8.88,Faster,94,29,Faster,99.85,102.58,Slower,608,397,Faster,20939,24486,Slower,12.01,6.79,Faster,76.52,100,Faster,5.76,6.35,Faster
Falkirk,Falkirk,3,Slower,30.43,38.06,Slower,1174,422,Faster,99.98,104.51,Slower,707,627,Slower,24172,30473,Slower,18.79,13.57,Faster,70.34,96.91,Faster,5.29,4.74,Slower
Fife,Fife,3,Slower,41.3,47.94,Slower,2263,762,Faster,94.26,85.52,Faster,669,774,Slower,27224,31517,Faster,23.11,19.3,Slower,69.77,94.06,Faster,5.18,4.88,Slower
Glasgow City,Glasgow City,3,Faster,59.77,36.07,Faster,3407,1567,Faster,86.41,58.69,Faster,1410,1053,Faster,32431,49507,Slower,38.62,16.9,Faster,80.8,82,Slower,4.44,4.91,Faster
Highland,Highland,3,Faster,29.6,24.97,Faster,940,531,Slower,96.81,95.83,Slower,724,820,Slower,27359,31738,Slower,16.7,12.2,Slower,67.96,100,Faster,4.64,5.14,Faster
Inverclyde,Inverclyde,3,Slower,41.22,28.93,Faster,1041,1310,Slower,113.8,146.34,Slower,948,757,Slower,26866,30509,Faster,31.55,27.6,Slower,93.53,89.55,Slower,5.25,5.25,Faster
Midlothian,Midlothian,3,Faster,23.91,30.55,Slower,882,443,Faster,94.19,75.57,Faster,577,481,Faster,34690,41356,Slower,14.12,13.05,Slower,47.23,99.98,Faster,4.46,5.3,Faster
Moray,Moray,3,Slower,11.04,17.31,Slower,716,420,Slower,98.84,100.98,Slower,559,454,Slower,17238,19199,Slower,10.8,9.54,Slower,86.44,88.91,Slower,5.21,5.24,Faster
North Ayrshire,North Ayrshire,3,Faster,38.66,31.75,Faster,2066,993,Faster,97.83,95.61,Faster,747,765,Slower,29652,33959,Faster,28.57,22.51,Faster,80.45,89.05,Slower,4.97,5.32,Faster
North Lanarkshire,North Lanarkshire,3,Faster,35.02,35.73,Slower,1068,787,Slower,100.57,103.88,Slower,926,569,Faster,29872,35510,Faster,26.53,20.39,Slower,71.01,92.9,Faster,4.88,5,Faster
Orkney Islands,Orkney Islands,3,Slower,9.14,8.48,Faster,427,195,Faster,98.02,97.77,Slower,672,295,Faster,27953,23921,Faster,8.07,7.39,Slower,96.6,74.93,Slower,5.37,5.4,Slower
Perth and Kinross,Perth and Kinross,3,Faster,27.43,20.34,Faster,1077,552,Slower,97.43,91.22,Slower,609,577,Slower,19356,28708,Slower,17.11,12.53,Faster,65.01,100,Faster,4.97,5.24,Faster
Renfrewshire,Renfrewshire,3,Faster,39.02,31.94,Faster,1106,668,Slower,101.53,101.02,Slower,812,616,Faster,32899,33554,Faster,27.36,22.56,Slower,68.31,75.11,Slower,4.58,4.82,Faster
Scottish Borders,Scottish Borders,3,Faster,26.79,17.24,Faster,828,376,Faster,95.19,91.6,Faster,470,404,Faster,25387,31270,Slower,11.56,10.14,Faster,82.63,82.57,Slower,4.98,5.19,Faster
Shetland Islands,Shetland Islands,3,Faster,7.95,6.3,Faster,81,14,Faster,101.02,99.65,Slower,281,355,Slower,15542,13567,Faster,7.45,5.25,Slower,96.38,100,Faster,5.06,5.94,Faster
South Ayrshire,South Ayrshire,3,Slower,25.11,49.99,Slower,869,434,Faster,96.02,88.11,Faster,780,616,Faster,29891,37644,Slower,39.51,33.78,Slower,65.41,100,Faster,4.7,5.09,Faster
South Lanarkshire,South Lanarkshire,3,Faster,35.4,33.3,Slower,1460,744,Faster,97.47,94.35,Faster,831,422,Faster,28134,31635,Slower,23.45,16.11,Faster,72.16,97.53,Faster,4.61,4.73,Slower
Stirling,Stirling,3,Slower,19.82,25.7,Slower,1409,692,Faster,104.67,113.16,Slower,317,593,Slower,22291,20269,Faster,14.14,8.26,Faster,94.58,77.02,Slower,4.59,5.72,Faster
West Dunbartonshire,West Dunbartonshire,3,Slower,32.9,34.3,Slower,995,799,Slower,103.79,108.71,Slower,660,652,Slower,30055,32786,Slower,26.01,21.89,Slower,83.95,91.72,Faster,4.59,5.41,Faster
West Lothian,West Lothian,3,Slower,23.81,33.24,Slower,914,598,Slower,92.9,85.41,Faster,547,431,Faster,23333,27498,Slower,33.89,21.28,Faster,78.35,100,Faster,5.26,5.08,Slower
Aberdeen City,Aberdeen City,4,Faster,35.48,18.01,Faster,2856,830,Faster,90.53,65.59,Faster,692,634,Faster,26995,35202,Slower,24.21,12.15,Faster,61.51,96.69,Faster,4.34,5.24,Faster
Aberdeenshire,Aberdeenshire,4,Faster,15.62,15.14,Slower,966,489,Faster,96.39,92.88,Slower,589,454,Faster,23211,23897,Slower,15.01,11.53,Faster,81.81,98.93,Faster,4.39,5.49,Faster
Angus,Angus,4,Faster,22.99,26.25,Slower,1310,649,Faster,97.11,94.11,Slower,574,570,Slower,29908,27279,Faster,15.29,15.17,Slower,73.39,100,Faster,4.98,5.37,Faster
Argyll and Bute,Argyll and Bute,4,Slower,19.65,19.18,Faster,745,367,Slower,102.52,111.42,Slower,510,476,Slower,23522,25888,Slower,15.52,12.55,Faster,88.41,93.24,Slower,5.02,5.66,Faster
Clackmannanshire,Clackmannanshire,4,Slower,26.32,21.57,Slower,690,537,Slower,90.55,77.01,Faster,441,563,Slower,15051,18133,Slower,17.59,14.47,Slower,64.35,99.89,Faster,5.86,5.06,Slower
Dumfries and Galloway,Dumfries and Galloway,4,Slower,20.45,20.32,Faster,1863,1023,Faster,103.15,113.89,Slower,548,522,Slower,22628,30125,Slower,17.38,13.64,Faster,87.45,85.43,Slower,5.72,5.17,Slower
Dundee City,Dundee City,4,Faster,44.6,27.38,Faster,1150,450,Faster,107.02,113.56,Slower,781,524,Faster,28565,35172,Slower,36.52,28.98,Slower,54.06,100,Faster,4.26,5.25,Faster
East Ayrshire,East Ayrshire,4,Faster,33.6,33.61,Slower,828,594,Slower,102.55,107.39,Slower,551,901,Slower,32520,32291,Faster,15.5,15.4,Slower,61.59,100,Faster,3.82,5.44,Faster
East Dunbartonshire,East Dunbartonshire,4,Faster,18.46,15.91,Faster,464,389,Slower,104.6,107.72,Slower,454,491,Slower,29035,20682,Faster,16.93,12.04,Faster,95.76,100,Slower,5.39,5.66,Faster
East Lothian,East Lothian,4,Slower,24.42,20.51,Faster,718,708,Slower,93.59,81.13,Faster,659,350,Faster,26023,34068,Slower,3.45,3.22,Slower,75.09,89.8,Faster,5.13,5.25,Slower
East Renfrewshire,East Renfrewshire,4,Faster,14.87,9.3,Faster,583,350,Slower,99.31,96.21,Slower,534,366,Faster,21312,21934,Faster,16.13,10.36,Faster,95.12,94.4,Slower,5.78,6.23,Faster
"Edinburgh, City of","Edinburgh, City of",4,Slower,52.81,37.4,Slower,2742,1413,Slower,101.66,95.98,Slower,880,760,Slower,21413,35643,Slower,24.23,12.09,Faster,55.69,100,Faster,5.28,4.54,Slower
Eilean Siar,Eilean Siar,4,Slower,11.04,8.36,Faster,954,353,Faster,101.62,108.11,Slower,655,608,Slower,23884,24995,Slower,13.12,8.14,Faster,84.04,100,Faster,5.87,5.57,Slower
Falkirk,Falkirk,4,Slower,26.22,25.05,Slower,913,480,Faster,102.32,112.03,Slower,533,692,Slower,24796,33903,Slower,10.23,7.52,Faster,76.54,100,Faster,5.14,5.41,Faster
Fife,Fife,4,Faster,44.03,31.58,Faster,1661,499,Faster,102.88,111.19,Slower,643,456,Faster,21575,27661,Slower,20.59,16.06,Slower,74.64,90.02,Faster,4.7,4.85,Faster
Glasgow City,Glasgow City,4,Faster,48.68,49,Slower,1253,486,Faster,77.93,41.14,Faster,1104,823,Faster,33661,44072,Slower,29.75,18.18,Faster,60.71,100,Faster,5.48,4.49,Slower
Highland,Highland,4,Slower,25.7,28.48,Slower,1618,778,Slower,97.73,98.59,Slower,593,545,Slower,30842,28070,Faster,17.83,14.14,Slower,57.15,100,Faster,5.44,4.7,Slower
Inverclyde,Inverclyde,4,Faster,32.21,34.04,Slower,1472,515,Faster,100.76,101.59,Faster,763,639,Slower,25130,34825,Slower,19.62,13.31,Faster,83.73,92.36,Faster,4.79,5.2,Faster
Midlothian,Midlothian,4,Slower,25.06,24.32,Faster,1256,692,Faster,111.66,125.92,Slower,464,574,Slower,28805,36592,Slower,13.44,13.31,Slower,62.98,99.98,Faster,5.09,5.24,Faster
Moray,Moray,4,Slower,16.43,14.75,Slower,1267,764,Slower,100.51,106.19,Slower,501,545,Slower,19850,22889,Slower,10.46,9.08,Slower,87.85,92.86,Slower,5.4,5.52,Faster
North Ayrshire,North Ayrshire,4,Faster,45.17,45.7,Faster,1489,594,Faster,95.54,89.05,Faster,923,536,Faster,26527,33704,Slower,32.54,23.56,Faster,81.64,83.81,Slower,4.59,5.23,Faster
North Lanarkshire,North Lanarkshire,4,Slower,25.28,43.89,Slower,812,554,Slower,98.11,96.44,Slower,663,696,Slower,26512,32187,Slower,17.79,13.96,Slower,89.97,65.24,Slower,4.75,4.63,Slower
Orkney Islands,Orkney Islands,4,Slower,6.2,13.84,Slower,177,117,Slower,95.55,90.58,Slower,571,346,Faster,18276,18361,Slower,6.48,5.88,Slower,85.87,96.1,Faster,5.57,5.87,Faster
Perth and Kinross,Perth and Kinross,4,Slower,23.26,21.56,Faster,778,423,Slower,102.67,106.72,Slower,580,437,Faster,19096,26681,Slower,16.25,13.63,Slower,80.81,87.83,Faster,4.75,4.96,Faster
Renfrewshire,Renfrewshire,4,Slower,37.16,38.25,Slower,1077,515,Faster,101.61,101.25,Slower,751,602,Slower,31191,37910,Faster,26.49,21.34,Slower,70.44,95.45,Faster,5.15,5.06,Slower
Scottish Borders,Scottish Borders,4,Slower,12.47,24.94,Slower,1023,536,Faster,96.97,96.83,Slower,593,317,Faster,38415,35115,Faster,9.81,10.22,Slower,86.93,87.83,Slower,4.84,5.31,Faster
Shetland Islands,Shetland Islands,4,Slower,8.71,17,Slower,584,135,Faster,102.09,102.85,Slower,480,327,Faster,20847,23136,Slower,10.75,8.68,Slower,99.1,89.12,Slower,5.2,5.93,Faster
South Ayrshire,South Ayrshire,4,Faster,31.28,30.35,Slower,971,303,Faster,103.35,109.89,Slower,505,519,Slower,26355,23355,Faster,20.03,16.67,Slower,80.33,100,Faster,5.15,5.54,Faster
South Lanarkshire,South Lanarkshire,4,Faster,34.09,32.06,Slower,881,752,Slower,98.54,97.5,Slower,831,547,Faster,29644,32424,Faster,26.99,19.12,Faster,68.69,90.35,Faster,4.74,5.13,Faster
Stirling,Stirling,4,Slower,29.3,20.39,Faster,751,349,Faster,99.86,98.29,Slower,443,649,Slower,23024,30065,Slower,17.76,10.73,Faster,84.89,73.1,Slower,4.44,5.14,Faster
West Dunbartonshire,West Dunbartonshire,4,Slower,28.47,28.68,Slower,1443,796,Slower,107.87,122.04,Slower,730,772,Slower,28286,23935,Faster,26.35,18.49,Faster,72.79,100,Faster,5.05,5.05,Slower
West Lothian,West Lothian,4,Slower,21.24,32.66,Slower,1169,574,Faster,93.14,86.08,Faster,578,517,Slower,29405,27420,Faster,16.85,12.76,Slower,83.78,86.66,Slower,4.96,5.43,Faster
Aberdeen City,Aberdeen City,5th Most Vulnerable,Faster,32.75,16.68,Faster,2045,946,Faster,105.96,105.12,Slower,524,478,Faster,27031,37377,Slower,19.79,13.25,Faster,60.14,100,Faster,3.78,5.15,Faster
Aberdeenshire,Aberdeenshire,5th Most Vulnerable,Slower,16.62,12.9,Slower,906,601,Slower,98.24,98.32,Slower,481,453,Slower,30430,30516,Slower,12.57,9.6,Faster,95.79,99.52,Slower,5.48,5.27,Slower
Angus,Angus,5th Most Vulnerable,Slower,22.86,21.88,Slower,1007,491,Faster,97.24,94.47,Slower,494,626,Slower,22165,25577,Slower,15.48,13.63,Slower,83.83,100,Faster,5.09,5.42,Faster
Argyll and Bute,Argyll and Bute,5th Most Vulnerable,Slower,18.5,13.83,Faster,761,279,Faster,101.66,108.63,Slower,581,546,Slower,21187,23634,Slower,12.53,10.67,Faster,82.48,99.46,Faster,5.91,5.52,Slower
Clackmannanshire,Clackmannanshire,5th Most Vulnerable,Faster,25.74,17.97,Faster,789,367,Faster,97.43,95.88,Slower,484,407,Faster,23792,25448,Faster,15.45,11.73,Faster,86.51,81.75,Slower,4.82,5.59,Faster
Dumfries and Galloway,Dumfries and Galloway,5th Most Vulnerable,Faster,26.99,29.72,Slower,697,353,Faster,101.21,107.59,Slower,462,525,Slower,21343,27312,Slower,16.64,13.19,Faster,70.3,100,Faster,5.54,5.45,Slower
Dundee City,Dundee City,5th Most Vulnerable,Slower,36.8,28.9,Slower,1296,928,Slower,107.03,113.58,Slower,785,812,Slower,30568,37066,Slower,28.37,20.85,Faster,51.3,100,Faster,5.5,4.73,Slower
East Ayrshire,East Ayrshire,5th Most Vulnerable,Slower,27.53,33.32,Slower,566,232,Faster,104.03,112.1,Slower,534,653,Slower,27638,35163,Slower,13.63,12.93,Slower,67.48,100,Faster,5.06,5.3,Faster
East Dunbartonshire,East Dunbartonshire,5th Most Vulnerable,Faster,14.08,16.8,Slower,754,439,Faster,105.69,111.12,Slower,565,479,Slower,22824,26487,Faster,4.8,2.63,Faster,86.13,98.55,Faster,5.61,5.64,Slower
East Lothian,East Lothian,5th Most Vulnerable,Faster,27.72,20.57,Faster,975,410,Faster,94.45,83.4,Faster,637,424,Faster,29841,21044,Faster,8.06,3.54,Faster,82.23,86.33,Slower,5.02,4.9,Slower
East Renfrewshire,East Renfrewshire,5th Most Vulnerable,Slower,13.1,13.67,Slower,698,312,Faster,100.24,98.96,Slower,509,404,Faster,20818,26682,Slower,15.5,12.23,Slower,83.8,100,Faster,6.03,5.73,Slower
"Edinburgh, City of","Edinburgh, City of",5th Most Vulnerable,Slower,34.6,44.34,Slower,1777,745,Slower,100.74,93.41,Slower,725,792,Slower,30468,39872,Slower,62.77,35.86,Faster,66.73,96,Faster,4.33,5,Faster
Eilean Siar,Eilean Siar,5th Most Vulnerable,Slower,9.45,8.34,Slower,132,92,Slower,102.12,109.7,Slower,656,476,Faster,24446,22881,Faster,11.87,8.44,Slower,92.22,91.5,Slower,6.19,5.36,Slower
Falkirk,Falkirk,5th Most Vulnerable,Faster,29.46,14.52,Faster,1569,379,Faster,96.74,94.71,Slower,710,577,Faster,21285,26034,Slower,15.45,9.81,Faster,88.41,98.39,Faster,4.91,4.94,Faster
Fife,Fife,5th Most Vulnerable,Faster,53.53,30.14,Faster,1842,930,Slower,98.27,96.89,Slower,808,590,Faster,23721,26088,Faster,28.53,23.8,Slower,72.62,91.86,Faster,4.55,4.7,Faster
Glasgow City,Glasgow City,5th Most Vulnerable,Slower,58.22,41.58,Faster,1591,989,Slower,112.94,130.99,Slower,1192,815,Faster,37010,31427,Faster,7.65,7.28,Slower,67.71,80.72,Faster,4.13,5.03,Faster
Highland,Highland,5th Most Vulnerable,Slower,28,19.99,Faster,648,364,Slower,95.23,91.24,Slower,649,462,Faster,21190,26167,Slower,14.93,12.48,Slower,68.71,100,Faster,5.04,5.04,Faster
Inverclyde,Inverclyde,5th Most Vulnerable,Slower,30.15,43.77,Slower,871,530,Slower,93.54,81.28,Faster,784,696,Slower,29442,34859,Slower,27.86,18.88,Faster,85.2,91.65,Slower,5.15,5.36,Faster
Midlothian,Midlothian,5th Most Vulnerable,Faster,24.06,27.67,Slower,1142,610,Faster,106.88,110.44,Slower,592,490,Faster,25197,25016,Faster,14.51,13.73,Slower,71.96,99.92,Faster,5.15,5.09,Slower
Moray,Moray,5th Most Vulnerable,Faster,9.11,8.71,Slower,830,418,Slower,93.34,85.05,Faster,498,373,Faster,19552,19310,Slower,10.92,8.61,Faster,81.69,98.78,Faster,5.53,5.71,Faster
North Ayrshire,North Ayrshire,5th Most Vulnerable,Faster,30.09,41.34,Slower,1137,730,Slower,79.9,52.1,Faster,891,646,Faster,28591,24404,Faster,29.71,20.21,Faster,65.92,99.99,Faster,6.17,5.01,Slower
North Lanarkshire,North Lanarkshire,5th Most Vulnerable,Slower,28.87,34.02,Slower,1987,1936,Slower,97.89,95.81,Faster,832,630,Faster,30824,38564,Slower,25.15,23.47,Slower,89.89,82.32,Slower,5.2,5.2,Faster
Orkney Islands,Orkney Islands,5th Most Vulnerable,Faster,4.47,8.49,Slower,199,38,Faster,93.35,84.48,Faster,451,264,Faster,19684,15445,Faster,5.66,4.56,Faster,97.25,92.25,Faster,5.24,5.75,Faster
Perth and Kinross,Perth and Kinross,5th Most Vulnerable,Faster,33.85,15.25,Faster,2288,464,Faster,91.71,76.11,Faster,488,495,Slower,20864,26063,Slower,16.16,9.59,Faster,66.13,100,Faster,4.55,5.6,Faster
Renfrewshire,Renfrewshire,5th Most Vulnerable,Slower,28.07,35.6,Slower,1269,491,Faster,99.05,93.8,Faster,673,692,Slower,22767,38201,Slower,25.06,21.36,Slower,88.74,89.7,Slower,5.32,4.8,Slower
Scottish Borders,Scottish Borders,5th Most Vulnerable,Faster,14.82,9.4,Faster,651,296,Faster,97.42,98.18,Slower,477,409,Faster,23679,23250,Faster,9.48,10.84,Slower,85.2,93.66,Faster,5.4,5.7,Faster
Shetland Islands,Shetland Islands,5th Most Vulnerable,Faster,5.6,3.84,Faster,84,0,Faster,95.8,85,Faster,352,280,Slower,14907,17496,Slower,6.17,4.12,Faster,98.24,92.75,Slower,5.7,5.76,Slower
South Ayrshire,South Ayrshire,5th Most Vulnerable,Faster,33.83,19.71,Faster,867,403,Faster,100.67,101.56,Slower,815,494,Faster,29876,37609,Slower,44.61,36.76,Slower,65.49,100,Faster,5.25,5.95,Faster
South Lanarkshire,South Lanarkshire,5th Most Vulnerable,Faster,34.64,36.01,Slower,890,603,Slower,99.68,100.93,Slower,804,728,Slower,28444,29308,Faster,27.81,22.98,Slower,77.46,76.5,Slower,4.04,4.75,Faster
Stirling,Stirling,5th Most Vulnerable,Faster,27.68,18.85,Faster,921,470,Faster,99.24,96.45,Slower,563,319,Faster,26101,32055,Slower,26.15,19.91,Slower,68.16,88.54,Faster,4.96,5.17,Slower
West Dunbartonshire,West Dunbartonshire,5th Most Vulnerable,Faster,23.98,29.99,Slower,1427,672,Faster,98.45,92.79,Faster,680,611,Slower,27971,31954,Slower,26.15,18.05,Faster,75.67,89.48,Faster,4.76,5.7,Faster
West Lothian,West Lothian,5th Most Vulnerable,Slower,35.58,30.87,Slower,1195,791,Slower,94.97,91.27,Slower,717,477,Faster,21372,28850,Slower,19.44,16.2,Slower,80.66,76.42,Slower,4.74,5.09,Faster
CPP Average,Aberdeen City,6,Faster,18.22,10,Faster,1257,632,Faster,101.14,92.03,Slower,484,460,Faster,24141,26103,Faster,10.95,7.6,Faster,80.42,94.99,Faster,5.28,5.48,Faster
CPP Average,Aberdeenshire,6,Faster,10.86,8.36,Faster,459,239,Faster,94.08,87.43,Slower,415,340,Faster,19783,19096,Slower,7.27,6.08,Faster,90.24,95.04,Slower,5.28,5.63,Faster
CPP Average,Angus,6,Faster,14.52,12.97,Slower,516,288,Slower,96.83,93.63,Faster,447,379,Slower,20361,20459,Faster,10.96,9.09,Faster,84.2,95.59,Faster,5.45,5.57,Faster
CPP Average,Argyll and Bute,6,Slower,13.63,13.82,Slower,547,264,Faster,100.93,106.66,Slower,510,378,Faster,22280,21005,Slower,11,9.47,Slower,85.28,94.89,Slower,5.64,5.59,Faster
CPP Average,Clackmannanshire,6,Slower,23.42,18.93,Faster,806,392,Slower,96.36,93.14,Slower,435,453,Slower,19855,21356,Slower,15.8,12.21,Slower,79.08,90.66,Slower,5.39,5.42,Faster
CPP Average,Dumfries and Galloway,6,Slower,15.67,15.79,Slower,648,385,Faster,98.3,99.2,Slower,435,380,Slower,19739,22558,Slower,12.55,9.97,Slower,87.21,92.53,Slower,5.49,5.63,Slower
CPP Average,Dundee City,6,Slower,27.79,21.24,Slower,1114,563,Slower,101.98,98.52,Faster,618,520,Slower,23905,27378,Faster,17.78,13.77,Slower,75.13,94.36,Faster,5.57,5.18,Slower
CPP Average,East Ayrshire,6,Faster,22.64,20.7,Slower,714,448,Slower,99.9,99.82,Faster,552,499,Faster,25557,29163,Faster,10.45,8.44,Faster,80.95,95.87,Faster,5.43,5.37,Slower
CPP Average,East Dunbartonshire,6,Faster,9.9,10.11,Faster,459,285,Faster,102.56,102.52,Faster,393,313,Faster,21120,25530,Faster,10.78,8.39,Faster,89.86,97.19,Faster,5.92,6.09,Faster
CPP Average,East Lothian,6,Faster,15.47,13.14,Faster,514,372,Faster,95.41,86.35,Slower,469,361,Slower,22899,21354,Slower,13.95,9.57,Faster,82.17,92.96,Faster,5.46,5.62,Faster
CPP Average,East Renfrewshire,6,Slower,10.97,8.58,Faster,470,281,Slower,98.81,95.66,Slower,385,316,Slower,20486,24936,Slower,11.52,7.99,Slower,90.08,94.52,Faster,6.03,6.13,Faster
CPP Average,"Edinburgh, City of",6,Faster,21.71,14.48,Faster,1140,452,Faster,98.76,89.13,Faster,493,400,Slower,22273,24885,Faster,11.75,7.65,Faster,80.89,94.6,Faster,5.55,5.6,Faster
CPP Average,Eilean Siar,6,Faster,11.15,9.4,Faster,340,159,Faster,99.02,100.25,Slower,557,434,Faster,23184,24022,Faster,12.09,7.95,Faster,85.26,97.66,Faster,5.62,5.8,Slower
CPP Average,Falkirk,6,Slower,18.34,16.96,Slower,675,362,Faster,95.65,92.56,Faster,536,447,Slower,21648,24406,Slower,12.01,9.02,Slower,83.81,91.63,Slower,5.55,5.42,Slower
CPP Average,Fife,6,Slower,20.21,17.69,Faster,885,363,Slower,97.38,95.01,Slower,478,416,Slower,20857,24441,Faster,15.37,11.88,Slower,85.59,88.79,Faster,5.38,5.46,Slower
CPP Average,Glasgow City,6,Slower,37.13,26.97,Slower,1384,710,Faster,101.57,97.95,Faster,802,617,Slower,29548,35609,Slower,21.97,14.3,Faster,80.03,88.1,Slower,5.12,5.41,Faster
CPP Average,Highland,6,Faster,14.77,12.79,Faster,618,294,Faster,94.42,89.73,Faster,498,383,Slower,21865,20962,Slower,15.68,11.13,Faster,83.46,95.56,Faster,5.53,5.48,Faster
CPP Average,Inverclyde,6,Slower,23.05,20.09,Slower,836,451,Slower,102.85,108.71,Faster,652,481,Faster,24631,29057,Slower,19.44,14.68,Slower,88.15,95.83,Faster,5.65,5.59,Slower
CPP Average,Midlothian,6,Slower,18.34,18.57,Slower,916,524,Slower,100.44,93.74,Slower,412,415,Faster,22909,25635,Faster,12.79,10.42,Slower,77.58,92.85,Slower,5.4,5.45,Slower
CPP Average,Moray,6,Slower,12.68,11.06,Slower,614,278,Faster,95.06,90.85,Slower,450,365,Slower,19400,17544,Faster,9.13,7.52,Slower,82.64,94.92,Slower,5.53,5.52,Faster
CPP Average,North Ayrshire,6,Slower,24.49,24.83,Faster,803,466,Slower,99.11,99.95,Faster,574,479,Slower,24401,29536,Slower,18.17,14.59,Faster,81.95,94.78,Faster,5.4,5.44,Slower
CPP Average,North Lanarkshire,6,Slower,23.04,19.91,Faster,769,473,Slower,97.75,96.05,Faster,607,516,Slower,25667,30786,Faster,17.9,13,Faster,82.81,91.07,Faster,5.44,5.36,Slower
CPP Average,Orkney Islands,6,Slower,8.19,10.8,Slower,271,127,Slower,94.9,89.43,Slower,479,327,Slower,21817,20234,Slower,7.49,6.38,Slower,95.21,87.63,Faster,5.56,5.68,Slower
CPP Average,Perth and Kinross,6,Slower,11.61,11.57,Slower,630,308,Slower,96.59,89.32,Faster,401,342,Faster,19585,22866,Slower,9.69,7.5,Faster,88.92,93.41,Slower,5.57,5.65,Slower
CPP Average,Renfrewshire,6,Faster,20.46,17.05,Faster,843,425,Slower,100.8,100.13,Slower,592,466,Faster,25663,31230,Faster,15.35,11.37,Faster,82.13,92.01,Faster,5.46,5.59,Faster
CPP Average,Scottish Borders,6,Slower,14.18,14.51,Faster,519,274,Slower,95.89,94.03,Slower,404,353,Slower,24368,26252,Slower,9.52,8.81,Faster,86.81,93.18,Faster,5.48,5.61,Slower
CPP Average,Shetland Islands,6,Faster,8.03,7.03,Faster,300,126,Faster,99.22,94.86,Slower,465,345,Faster,21453,21902,Slower,7.97,5.57,Faster,92.82,96.08,Faster,5.37,5.76,Faster
CPP Average,South Ayrshire,6,Faster,20.41,17.84,Faster,692,382,Slower,99.82,99.51,Slower,503,433,Faster,24822,29286,Faster,14.98,11.85,Faster,80.08,96.15,Faster,5.45,5.67,Faster
CPP Average,South Lanarkshire,6,Faster,18.75,17.56,Faster,671,400,Faster,98.09,96.91,Slower,547,450,Slower,24471,27506,Slower,14.54,11.33,Faster,86.24,90.97,Faster,5.35,5.55,Slower
CPP Average,Stirling,6,Faster,16.98,13.4,Faster,743,403,Slower,97.36,91.74,Faster,382,384,Faster,22386,22339,Slower,11.66,8.17,Faster,85.56,86.2,Faster,5.47,5.72,Faster
CPP Average,West Dunbartonshire,6,Slower,25.46,21.64,Faster,1014,501,Faster,102.6,105.5,Slower,632,534,Faster,25569,26838,Slower,19.39,14.73,Faster,83.4,90.76,Slower,5.37,5.51,Faster
CPP Average,West Lothian,6,Faster,20.23,16.19,Slower,794,399,Faster,93.23,87.18,Faster,525,415,Slower,23477,25250,Faster,14.47,10.65,Faster,82.96,91.86,Faster,5.45,5.56,Slower
