Strategic.Area,InterZone,SAChangeScore,Indicator
Cowdenbeath,S02001769,0.12120234727166888,Attainment
Cowdenbeath,S02001770,-1.6502846786272887,Attainment
Cowdenbeath,S02001771,0.4329410605047983,Attainment
Cowdenbeath,S02001772,0.7090536800941533,Attainment
Cowdenbeath,S02001773,-1.6198971530238329,Attainment
Cowdenbeath,S02001774,0.4648456520087822,Attainment
Cowdenbeath,S02001775,0.034618023847093435,Attainment
Cowdenbeath,S02001776,1.2551238150147639,Attainment
Cowdenbeath,S02001777,0.8755786153727958,Attainment
Cowdenbeath,S02001778,-0.6231813624629341,Attainment
Cowdenbeath,S02001769,-0.20798600252626676,Child Poverty
Cowdenbeath,S02001770,-1.8332960238015485,Child Poverty
Cowdenbeath,S02001771,-0.24505504501045433,Child Poverty
Cowdenbeath,S02001772,-0.2968786309708125,Child Poverty
Cowdenbeath,S02001773,1.4347177301296759,Child Poverty
Cowdenbeath,S02001774,-1.17647251419366,Child Poverty
Cowdenbeath,S02001775,0.41291998236937233,Child Poverty
Cowdenbeath,S02001776,0.3744164227769728,Child Poverty
Cowdenbeath,S02001777,0.2627408506514166,Child Poverty
Cowdenbeath,S02001778,1.2748932305753047,Child Poverty
Cowdenbeath,S02001769,-1.5459845136033659,Crime Rate
Cowdenbeath,S02001770,-0.26354574745743736,Crime Rate
Cowdenbeath,S02001771,-1.1287653274910183,Crime Rate
Cowdenbeath,S02001772,-0.1299808097229783,Crime Rate
Cowdenbeath,S02001773,1.9385682320496154,Crime Rate
Cowdenbeath,S02001774,0.6018488233581477,Crime Rate
Cowdenbeath,S02001775,-0.19939750379233484,Crime Rate
Cowdenbeath,S02001776,0.9113342172940168,Crime Rate
Cowdenbeath,S02001777,0.2557894988803962,Crime Rate
Cowdenbeath,S02001778,-0.4398668695150419,Crime Rate
Cowdenbeath,S02001769,-0.09958317629401386,Depopulation
Cowdenbeath,S02001770,-0.8287788384613148,Depopulation
Cowdenbeath,S02001771,1.726504167429134,Depopulation
Cowdenbeath,S02001772,-1.5487431380719003,Depopulation
Cowdenbeath,S02001773,1.1009098696816262,Depopulation
Cowdenbeath,S02001774,0.01949667069496388,Depopulation
Cowdenbeath,S02001775,-0.9583560565746714,Depopulation
Cowdenbeath,S02001776,0.8679861105798676,Depopulation
Cowdenbeath,S02001777,-0.12365745587519225,Depopulation
Cowdenbeath,S02001778,-0.15577815310849874,Depopulation
Cowdenbeath,S02001769,-0.8631830796277226,Early Mortality
Cowdenbeath,S02001770,-1.5236694965599076,Early Mortality
Cowdenbeath,S02001771,0.25747433402398784,Early Mortality
Cowdenbeath,S02001772,1.145421277240796,Early Mortality
Cowdenbeath,S02001773,-0.09410274514189505,Early Mortality
Cowdenbeath,S02001774,-0.2855884567257573,Early Mortality
Cowdenbeath,S02001775,-1.1409105675265425,Early Mortality
Cowdenbeath,S02001776,0.7754467468540969,Early Mortality
Cowdenbeath,S02001777,1.5948773254436308,Early Mortality
Cowdenbeath,S02001778,0.134234662019314,Early Mortality
Cowdenbeath,S02001769,0.04446887993383338,Emergency Admissions
Cowdenbeath,S02001770,-0.841934918138515,Emergency Admissions
Cowdenbeath,S02001771,-1.7598978865097656,Emergency Admissions
Cowdenbeath,S02001772,0.6080487285334771,Emergency Admissions
Cowdenbeath,S02001773,0.261955677294017,Emergency Admissions
Cowdenbeath,S02001774,1.1186195913929498,Emergency Admissions
Cowdenbeath,S02001775,-1.2863755516783069,Emergency Admissions
Cowdenbeath,S02001776,0.45207157287378325,Emergency Admissions
Cowdenbeath,S02001777,1.27548922118471,Emergency Admissions
Cowdenbeath,S02001778,0.12755468511381682,Emergency Admissions
Cowdenbeath,S02001769,-1.366279791152188,Out of Work Benefits
Cowdenbeath,S02001770,0.4793725769525159,Out of Work Benefits
Cowdenbeath,S02001771,-0.948616164716341,Out of Work Benefits
Cowdenbeath,S02001772,-1.6804784200025022,Out of Work Benefits
Cowdenbeath,S02001773,1.3323182631026735,Out of Work Benefits
Cowdenbeath,S02001774,0.33304082873015783,Out of Work Benefits
Cowdenbeath,S02001775,0.7865096048442658,Out of Work Benefits
Cowdenbeath,S02001776,0.27555935081944144,Out of Work Benefits
Cowdenbeath,S02001777,0.014709232896360636,Out of Work Benefits
Cowdenbeath,S02001778,0.7738645185256157,Out of Work Benefits
Cowdenbeath,S02001769,0.6273180684080211,Participation Rate
Cowdenbeath,S02001770,-0.801820516694398,Participation Rate
Cowdenbeath,S02001771,-0.40674073929550314,Participation Rate
Cowdenbeath,S02001772,-1.2873382152358877,Participation Rate
Cowdenbeath,S02001773,0.7810723434937975,Participation Rate
Cowdenbeath,S02001774,0.7005941764684626,Participation Rate
Cowdenbeath,S02001775,1.7072536145559545,Participation Rate
Cowdenbeath,S02001776,-0.37620990792938075,Participation Rate
Cowdenbeath,S02001777,-1.3490004322424047,Participation Rate
Cowdenbeath,S02001778,0.4048716084713388,Participation Rate
Dunfermline,S02001744,1.272891214907778,Attainment
Dunfermline,S02001745,-0.18495151451731795,Attainment
Dunfermline,S02001746,-0.6983992620040411,Attainment
Dunfermline,S02001747,-0.2152177292337136,Attainment
Dunfermline,S02001748,-0.1902377437323233,Attainment
Dunfermline,S02001749,-0.2255453777928445,Attainment
Dunfermline,S02001750,-0.6539486887315488,Attainment
Dunfermline,S02001751,-0.07784146440503377,Attainment
Dunfermline,S02001752,-0.8705486738933734,Attainment
Dunfermline,S02001753,1.865303629082127,Attainment
Dunfermline,S02001754,-0.6505783305861748,Attainment
Dunfermline,S02001755,0.39270111397917645,Attainment
Dunfermline,S02001756,1.793251410909167,Attainment
Dunfermline,S02001757,0.5367932512676172,Attainment
Dunfermline,S02001758,-0.10333606366089552,Attainment
Dunfermline,S02001768,-1.9903357715885988,Attainment
Dunfermline,S02001744,-2.888245008964015,Child Poverty
Dunfermline,S02001745,0.6761512255163136,Child Poverty
Dunfermline,S02001746,-0.42183232926473024,Child Poverty
Dunfermline,S02001747,0.5035961515862769,Child Poverty
Dunfermline,S02001748,-0.3229654019905523,Child Poverty
Dunfermline,S02001749,1.2409114288255254,Child Poverty
Dunfermline,S02001750,0.6129392051147702,Child Poverty
Dunfermline,S02001751,-0.10970722950705361,Child Poverty
Dunfermline,S02001752,-0.6911760893592747,Child Poverty
Dunfermline,S02001753,0.09261030020488965,Child Poverty
Dunfermline,S02001754,-1.1318305260568942,Child Poverty
Dunfermline,S02001755,0.7314153325948082,Child Poverty
Dunfermline,S02001756,0.9225020921432948,Child Poverty
Dunfermline,S02001757,0.13907112038598496,Child Poverty
Dunfermline,S02001758,-0.09846076054490237,Child Poverty
Dunfermline,S02001768,0.7450204893155581,Child Poverty
Dunfermline,S02001744,-1.5763738609910523,Crime Rate
Dunfermline,S02001745,-0.3094304375582389,Crime Rate
Dunfermline,S02001746,0.23619353999181225,Crime Rate
Dunfermline,S02001747,-0.18548998645073236,Crime Rate
Dunfermline,S02001748,-1.0806207602280917,Crime Rate
Dunfermline,S02001749,1.0512522820107355,Crime Rate
Dunfermline,S02001750,-0.5600089299527541,Crime Rate
Dunfermline,S02001751,-2.1298389106952724,Crime Rate
Dunfermline,S02001752,-0.12782414306149817,Crime Rate
Dunfermline,S02001753,0.4666976660751165,Crime Rate
Dunfermline,S02001754,1.0159049161055216,Crime Rate
Dunfermline,S02001755,0.6082803885502045,Crime Rate
Dunfermline,S02001756,1.3705494455428167,Crime Rate
Dunfermline,S02001757,1.1163722324402696,Crime Rate
Dunfermline,S02001758,-0.41690453017307194,Crime Rate
Dunfermline,S02001768,0.5212410883942347,Crime Rate
Dunfermline,S02001744,-0.40372282050270075,Depopulation
Dunfermline,S02001745,-0.12446808730113229,Depopulation
Dunfermline,S02001746,-0.1535285312843697,Depopulation
Dunfermline,S02001747,-0.4654643188114753,Depopulation
Dunfermline,S02001748,-0.3019340659238854,Depopulation
Dunfermline,S02001749,-0.7706334516514903,Depopulation
Dunfermline,S02001750,-0.5348870477409079,Depopulation
Dunfermline,S02001751,2.670934395370288,Depopulation
Dunfermline,S02001752,-0.36910691295597453,Depopulation
Dunfermline,S02001753,0.05759534367426992,Depopulation
Dunfermline,S02001754,-0.6607620028128038,Depopulation
Dunfermline,S02001755,0.17757556634579053,Depopulation
Dunfermline,S02001756,2.18352762257305,Depopulation
Dunfermline,S02001757,-0.7457014398490742,Depopulation
Dunfermline,S02001758,-0.7202883598196357,Depopulation
Dunfermline,S02001768,0.16086411069005072,Depopulation
Dunfermline,S02001744,0.9186846993938017,Early Mortality
Dunfermline,S02001745,-1.6763650655101494,Early Mortality
Dunfermline,S02001746,0.7818468216534548,Early Mortality
Dunfermline,S02001747,0.17077969776171537,Early Mortality
Dunfermline,S02001748,-0.2836618630092554,Early Mortality
Dunfermline,S02001749,0.5909491511893761,Early Mortality
Dunfermline,S02001750,0.3014860016989689,Early Mortality
Dunfermline,S02001751,1.5191124983316,Early Mortality
Dunfermline,S02001752,-1.2406396256960524,Early Mortality
Dunfermline,S02001753,-1.4819076907416262,Early Mortality
Dunfermline,S02001754,0.08744683861183579,Early Mortality
Dunfermline,S02001755,-0.824920034585777,Early Mortality
Dunfermline,S02001756,1.73108315417763,Early Mortality
Dunfermline,S02001757,-0.06307418934328289,Early Mortality
Dunfermline,S02001758,-0.6605034807599298,Early Mortality
Dunfermline,S02001768,0.12968308682769086,Early Mortality
Dunfermline,S02001744,-0.32047110552736524,Emergency Admissions
Dunfermline,S02001745,0.24689827423725724,Emergency Admissions
Dunfermline,S02001746,0.09464533977589766,Emergency Admissions
Dunfermline,S02001747,0.2353396042837095,Emergency Admissions
Dunfermline,S02001748,0.42133247746487235,Emergency Admissions
Dunfermline,S02001749,-0.06730619648967276,Emergency Admissions
Dunfermline,S02001750,0.4731918199776617,Emergency Admissions
Dunfermline,S02001751,-1.7376479356478074,Emergency Admissions
Dunfermline,S02001752,1.2061863852062833,Emergency Admissions
Dunfermline,S02001753,0.6067749714619775,Emergency Admissions
Dunfermline,S02001754,0.5923551394995669,Emergency Admissions
Dunfermline,S02001755,-2.8371500496427102,Emergency Admissions
Dunfermline,S02001756,0.516454483761595,Emergency Admissions
Dunfermline,S02001757,-0.05791862748091729,Emergency Admissions
Dunfermline,S02001758,0.8865479344455979,Emergency Admissions
Dunfermline,S02001768,-0.2592325153259456,Emergency Admissions
Dunfermline,S02001744,-1.8607307312032304,Out of Work Benefits
Dunfermline,S02001745,0.1975174391774301,Out of Work Benefits
Dunfermline,S02001746,0.6558906548884608,Out of Work Benefits
Dunfermline,S02001747,0.5789067016405057,Out of Work Benefits
Dunfermline,S02001748,0.28730002706566027,Out of Work Benefits
Dunfermline,S02001749,2.2263530427368767,Out of Work Benefits
Dunfermline,S02001750,-0.4076813889817842,Out of Work Benefits
Dunfermline,S02001751,-1.2744655953124362,Out of Work Benefits
Dunfermline,S02001752,0.256084189258212,Out of Work Benefits
Dunfermline,S02001753,0.6907604073485384,Out of Work Benefits
Dunfermline,S02001754,-0.06364406550186785,Out of Work Benefits
Dunfermline,S02001755,-0.5311402778442613,Out of Work Benefits
Dunfermline,S02001756,-1.6370385782656562,Out of Work Benefits
Dunfermline,S02001757,0.20123322183543363,Out of Work Benefits
Dunfermline,S02001758,0.09257626196103344,Out of Work Benefits
Dunfermline,S02001768,0.5880786911970848,Out of Work Benefits
Dunfermline,S02001744,-0.762282574847956,Participation Rate
Dunfermline,S02001745,1.4741658110597335,Participation Rate
Dunfermline,S02001746,-1.0495619396303089,Participation Rate
Dunfermline,S02001747,1.8536879763625242,Participation Rate
Dunfermline,S02001748,0.4233717848649577,Participation Rate
Dunfermline,S02001749,-0.7908634010679132,Participation Rate
Dunfermline,S02001750,-0.38331058206700375,Participation Rate
Dunfermline,S02001751,0.4608340904097414,Participation Rate
Dunfermline,S02001752,-1.7382844701331288,Participation Rate
Dunfermline,S02001753,-0.4485404763662394,Participation Rate
Dunfermline,S02001754,0.30267103183748745,Participation Rate
Dunfermline,S02001755,-0.5161120036386944,Participation Rate
Dunfermline,S02001756,1.2659096613223622,Participation Rate
Dunfermline,S02001757,-0.5192673310677208,Participation Rate
Dunfermline,S02001758,-0.493186653222797,Participation Rate
Dunfermline,S02001768,0.9207690761849558,Participation Rate
Glenrothes,S02001798,-1.0740389413757763,Attainment
Glenrothes,S02001799,0.9459702274037104,Attainment
Glenrothes,S02001800,1.5736555945676833,Attainment
Glenrothes,S02001801,-0.10676183292382622,Attainment
Glenrothes,S02001802,0.5613890354040165,Attainment
Glenrothes,S02001803,0.9490558533550338,Attainment
Glenrothes,S02001804,-1.0254478879704017,Attainment
Glenrothes,S02001805,-1.0037812573982368,Attainment
Glenrothes,S02001806,0.9574786140392271,Attainment
Glenrothes,S02001807,-1.2952206056265914,Attainment
Glenrothes,S02001808,0.8213885993758131,Attainment
Glenrothes,S02001809,-0.7612968420244174,Attainment
Glenrothes,S02001810,0.5011706426289317,Attainment
Glenrothes,S02001811,-1.0435611994551666,Attainment
Glenrothes,S02001798,0.322211218564342,Child Poverty
Glenrothes,S02001799,-1.2516141415725406,Child Poverty
Glenrothes,S02001800,0.4639812200098523,Child Poverty
Glenrothes,S02001801,0.00900800303778532,Child Poverty
Glenrothes,S02001802,-0.11887741330719521,Child Poverty
Glenrothes,S02001803,0.9030840647138689,Child Poverty
Glenrothes,S02001804,-1.6803013901595425,Child Poverty
Glenrothes,S02001805,0.9038373160470837,Child Poverty
Glenrothes,S02001806,1.2186495898671723,Child Poverty
Glenrothes,S02001807,0.965973669113396,Child Poverty
Glenrothes,S02001808,1.008833128562743,Child Poverty
Glenrothes,S02001809,-1.329420855466749,Child Poverty
Glenrothes,S02001810,-0.23900818079919944,Child Poverty
Glenrothes,S02001811,-1.1763562286110163,Child Poverty
Glenrothes,S02001798,0.89065694479367985,Crime Rate
Glenrothes,S02001799,1.1493870465225047,Crime Rate
Glenrothes,S02001800,-0.05543480899279284,Crime Rate
Glenrothes,S02001801,0.9512509691703559,Crime Rate
Glenrothes,S02001802,0.3524226674658032,Crime Rate
Glenrothes,S02001803,-2.2134564362475255,Crime Rate
Glenrothes,S02001804,-0.9121792445408491,Crime Rate
Glenrothes,S02001805,-0.8948297805989132,Crime Rate
Glenrothes,S02001806,-0.27577941521684884,Crime Rate
Glenrothes,S02001807,0.7829478268747527,Crime Rate
Glenrothes,S02001808,0.6378756180476787,Crime Rate
Glenrothes,S02001809,0.9736905534733626,Crime Rate
Glenrothes,S02001810,-0.2957697240311948,Crime Rate
Glenrothes,S02001811,-1.0907822167200132,Crime Rate
Glenrothes,S02001798,1.790364385392419,Depopulation
Glenrothes,S02001799,0.03677720946139153,Depopulation
Glenrothes,S02001800,-0.4974243206698345,Depopulation
Glenrothes,S02001801,0.040802700427199724,Depopulation
Glenrothes,S02001802,-0.6515489561116586,Depopulation
Glenrothes,S02001803,-0.493214030381505,Depopulation
Glenrothes,S02001804,-0.19948917246214767,Depopulation
Glenrothes,S02001805,0.06022022292791153,Depopulation
Glenrothes,S02001806,0.28308013082577554,Depopulation
Glenrothes,S02001807,0.04331753393559485,Depopulation
Glenrothes,S02001808,-0.2422420802252504,Depopulation
Glenrothes,S02001809,-1.3908690590445156,Depopulation
Glenrothes,S02001810,-1.1238516229022357,Depopulation
Glenrothes,S02001811,2.3440770588268554,Depopulation
Glenrothes,S02001798,0.6991140321486746,Early Mortality
Glenrothes,S02001799,0.11283003824688352,Early Mortality
Glenrothes,S02001800,0.4801042355716967,Early Mortality
Glenrothes,S02001801,1.3233907592225358,Early Mortality
Glenrothes,S02001802,0.12352312163083298,Early Mortality
Glenrothes,S02001803,-0.6713289864162002,Early Mortality
Glenrothes,S02001804,0.6559058866954219,Early Mortality
Glenrothes,S02001805,0.5210733717893721,Early Mortality
Glenrothes,S02001806,-1.256695320336872,Early Mortality
Glenrothes,S02001807,1.7693770014556127,Early Mortality
Glenrothes,S02001808,-0.6342954899777545,Early Mortality
Glenrothes,S02001809,-0.24867413971061916,Early Mortality
Glenrothes,S02001810,-1.2889110827743382,Early Mortality
Glenrothes,S02001811,-1.585413427545246,Early Mortality
Glenrothes,S02001798,1.2656800423876027,Emergency Admissions
Glenrothes,S02001799,0.8768389689596598,Emergency Admissions
Glenrothes,S02001800,-0.707811829722668,Emergency Admissions
Glenrothes,S02001801,-0.2860719091515204,Emergency Admissions
Glenrothes,S02001802,-1.0236362616966848,Emergency Admissions
Glenrothes,S02001803,-1.3766933348333958,Emergency Admissions
Glenrothes,S02001804,1.6040510684542861,Emergency Admissions
Glenrothes,S02001805,-0.04271718535202178,Emergency Admissions
Glenrothes,S02001806,-1.2315749059353616,Emergency Admissions
Glenrothes,S02001807,0.34668294843826963,Emergency Admissions
Glenrothes,S02001808,-0.013626425258446566,Emergency Admissions
Glenrothes,S02001809,1.4400376002174282,Emergency Admissions
Glenrothes,S02001810,-0.9027360659603413,Emergency Admissions
Glenrothes,S02001811,0.051577289453192905,Emergency Admissions
Glenrothes,S02001798,-0.30347429451620633,Out of Work Benefits
Glenrothes,S02001799,0.01687018747499624,Out of Work Benefits
Glenrothes,S02001800,0.8674793375279254,Out of Work Benefits
Glenrothes,S02001801,-1.9522441828313666,Out of Work Benefits
Glenrothes,S02001802,0.689355864731555,Out of Work Benefits
Glenrothes,S02001803,0.41832897810514647,Out of Work Benefits
Glenrothes,S02001804,-1.3707620210252949,Out of Work Benefits
Glenrothes,S02001805,-0.17928818693457466,Out of Work Benefits
Glenrothes,S02001806,0.1303856872957304,Out of Work Benefits
Glenrothes,S02001807,2.0141392391627453,Out of Work Benefits
Glenrothes,S02001808,-0.3874420804105795,Out of Work Benefits
Glenrothes,S02001809,-0.5414219229411212,Out of Work Benefits
Glenrothes,S02001810,1.0361409386083043,Out of Work Benefits
Glenrothes,S02001811,-0.4380675442472604,Out of Work Benefits
Glenrothes,S02001798,0.8627019544862048,Participation Rate
Glenrothes,S02001799,0.10120445434043272,Participation Rate
Glenrothes,S02001800,0.5231981476616707,Participation Rate
Glenrothes,S02001801,0.872341653419757,Participation Rate
Glenrothes,S02001802,1.128255423013917,Participation Rate
Glenrothes,S02001803,1.3379309227053002,Participation Rate
Glenrothes,S02001804,-1.1771772100372868,Participation Rate
Glenrothes,S02001805,-0.5702300365189128,Participation Rate
Glenrothes,S02001806,-0.06052556533527626,Participation Rate
Glenrothes,S02001807,-1.118500443406134,Participation Rate
Glenrothes,S02001808,1.101960238230106,Participation Rate
Glenrothes,S02001809,-0.9778767071447952,Participation Rate
Glenrothes,S02001810,-0.3171069358780048,Participation Rate
Glenrothes,S02001811,-1.7061758955369775,Participation Rate
Kirkcaldy,S02001780,1.613390240933386,Attainment
Kirkcaldy,S02001781,-0.6981419194468643,Attainment
Kirkcaldy,S02001782,0.06036629424460762,Attainment
Kirkcaldy,S02001783,0.13453933563522524,Attainment
Kirkcaldy,S02001784,0.29738430029157026,Attainment
Kirkcaldy,S02001785,1.4714384636075384,Attainment
Kirkcaldy,S02001786,1.4256176718261795,Attainment
Kirkcaldy,S02001787,0.3997793588346683,Attainment
Kirkcaldy,S02001788,-0.5265570848584902,Attainment
Kirkcaldy,S02001789,-0.600486399573908,Attainment
Kirkcaldy,S02001790,-0.6456116781487437,Attainment
Kirkcaldy,S02001791,-0.10827910904421423,Attainment
Kirkcaldy,S02001792,0.9679851177454154,Attainment
Kirkcaldy,S02001793,0.43564866386890594,Attainment
Kirkcaldy,S02001794,-1.0951201018322865,Attainment
Kirkcaldy,S02001795,-1.8352567884439666,Attainment
Kirkcaldy,S02001796,-1.2966963656390227,Attainment
Kirkcaldy,S02001780,0.9134402237478516,Child Poverty
Kirkcaldy,S02001781,0.07459849356914361,Child Poverty
Kirkcaldy,S02001782,-2.825092882244481,Child Poverty
Kirkcaldy,S02001783,0.8292910865123024,Child Poverty
Kirkcaldy,S02001784,-0.1363503792769511,Child Poverty
Kirkcaldy,S02001785,-1.118787628561789,Child Poverty
Kirkcaldy,S02001786,-0.29336792535742207,Child Poverty
Kirkcaldy,S02001787,0.18082091212893922,Child Poverty
Kirkcaldy,S02001788,0.10740771854464749,Child Poverty
Kirkcaldy,S02001789,0.320760747085225,Child Poverty
Kirkcaldy,S02001790,0.6876092272135502,Child Poverty
Kirkcaldy,S02001791,0.932673680123252,Child Poverty
Kirkcaldy,S02001792,0.8324808413666444,Child Poverty
Kirkcaldy,S02001793,0.5543192465573004,Child Poverty
Kirkcaldy,S02001794,-1.2065537095327017,Child Poverty
Kirkcaldy,S02001795,0.8409056343006766,Child Poverty
Kirkcaldy,S02001796,-0.6941552861761877,Child Poverty
Kirkcaldy,S02001780,0.11905314258795664,Crime Rate
Kirkcaldy,S02001781,0.5364166047449526,Crime Rate
Kirkcaldy,S02001782,0.5079208767765134,Crime Rate
Kirkcaldy,S02001783,-0.6490088483328464,Crime Rate
Kirkcaldy,S02001784,0.34027374604678795,Crime Rate
Kirkcaldy,S02001785,-0.01320502483246682,Crime Rate
Kirkcaldy,S02001786,1.024546681153187,Crime Rate
Kirkcaldy,S02001787,-0.8576568803336614,Crime Rate
Kirkcaldy,S02001788,0.9465929607399888,Crime Rate
Kirkcaldy,S02001789,-0.4280728612834873,Crime Rate
Kirkcaldy,S02001790,-0.7848494922170469,Crime Rate
Kirkcaldy,S02001791,2.584884283434528,Crime Rate
Kirkcaldy,S02001792,-1.4781523371868486,Crime Rate
Kirkcaldy,S02001793,-1.474981328317157,Crime Rate
Kirkcaldy,S02001794,0.3272718287177,Crime Rate
Kirkcaldy,S02001795,-0.2334257302452336,Crime Rate
Kirkcaldy,S02001796,-0.46760762145286566,Crime Rate
Kirkcaldy,S02001780,2.021452660219504,Depopulation
Kirkcaldy,S02001781,-0.935707479700527,Depopulation
Kirkcaldy,S02001782,-0.6803380835869505,Depopulation
Kirkcaldy,S02001783,0.25650098535216864,Depopulation
Kirkcaldy,S02001784,0.4178068319991168,Depopulation
Kirkcaldy,S02001785,-0.24273500181583396,Depopulation
Kirkcaldy,S02001786,-0.5243406225832115,Depopulation
Kirkcaldy,S02001787,-0.9748534156295294,Depopulation
Kirkcaldy,S02001788,-1.4099106968926614,Depopulation
Kirkcaldy,S02001789,-0.1947992445196372,Depopulation
Kirkcaldy,S02001790,-0.745341904635404,Depopulation
Kirkcaldy,S02001791,-0.9316115040679672,Depopulation
Kirkcaldy,S02001792,1.7906828537677488,Depopulation
Kirkcaldy,S02001793,0.1637891540100678,Depopulation
Kirkcaldy,S02001794,0.02173573958579035,Depopulation
Kirkcaldy,S02001795,1.4485051400838305,Depopulation
Kirkcaldy,S02001796,0.5191645884134956,Depopulation
Kirkcaldy,S02001780,0.9294611353466159,Early Mortality
Kirkcaldy,S02001781,-0.8355805074715906,Early Mortality
Kirkcaldy,S02001782,-0.2285752190980143,Early Mortality
Kirkcaldy,S02001783,-0.03509801928618909,Early Mortality
Kirkcaldy,S02001784,0.06405307997905896,Early Mortality
Kirkcaldy,S02001785,-1.8586344345660324,Early Mortality
Kirkcaldy,S02001786,0.4263437611486354,Early Mortality
Kirkcaldy,S02001787,1.1423661654356339,Early Mortality
Kirkcaldy,S02001788,0.8074494253394449,Early Mortality
Kirkcaldy,S02001789,-1.3136911139546885,Early Mortality
Kirkcaldy,S02001790,-0.03859216588528202,Early Mortality
Kirkcaldy,S02001791,0.9343363612719467,Early Mortality
Kirkcaldy,S02001792,1.1289577786752247,Early Mortality
Kirkcaldy,S02001793,-1.4064839150946937,Early Mortality
Kirkcaldy,S02001794,1.3900439154190967,Early Mortality
Kirkcaldy,S02001795,-0.9946670571610108,Early Mortality
Kirkcaldy,S02001796,-0.1116891900981561,Early Mortality
Kirkcaldy,S02001780,-0.02731559533744817,Emergency Admissions
Kirkcaldy,S02001781,-1.6733738153275326,Emergency Admissions
Kirkcaldy,S02001782,0.580863671457512,Emergency Admissions
Kirkcaldy,S02001783,0.9131912038940545,Emergency Admissions
Kirkcaldy,S02001784,0.6473295314212755,Emergency Admissions
Kirkcaldy,S02001785,0.5777995044718729,Emergency Admissions
Kirkcaldy,S02001786,-1.007495813529562,Emergency Admissions
Kirkcaldy,S02001787,1.5532782622478472,Emergency Admissions
Kirkcaldy,S02001788,-0.7862509277621267,Emergency Admissions
Kirkcaldy,S02001789,1.1691375347581292,Emergency Admissions
Kirkcaldy,S02001790,0.6393658141569508,Emergency Admissions
Kirkcaldy,S02001791,-0.9809538655953072,Emergency Admissions
Kirkcaldy,S02001792,0.4570894331154845,Emergency Admissions
Kirkcaldy,S02001793,-1.9018776945514095,Emergency Admissions
Kirkcaldy,S02001794,-0.36449274681424915,Emergency Admissions
Kirkcaldy,S02001795,-0.40378522062521355,Emergency Admissions
Kirkcaldy,S02001796,0.6074907240197218,Emergency Admissions
Kirkcaldy,S02001780,1.9467993056294433,Out of Work Benefits
Kirkcaldy,S02001781,0.1116201977184132,Out of Work Benefits
Kirkcaldy,S02001782,0.2878059349902092,Out of Work Benefits
Kirkcaldy,S02001783,0.637224390138684,Out of Work Benefits
Kirkcaldy,S02001784,-0.6505064247622493,Out of Work Benefits
Kirkcaldy,S02001785,-0.9798262326112804,Out of Work Benefits
Kirkcaldy,S02001786,-0.9611614512466201,Out of Work Benefits
Kirkcaldy,S02001787,-1.500961677803075,Out of Work Benefits
Kirkcaldy,S02001788,-0.6691308552223809,Out of Work Benefits
Kirkcaldy,S02001789,-0.25960784631658274,Out of Work Benefits
Kirkcaldy,S02001790,0.9806263311622105,Out of Work Benefits
Kirkcaldy,S02001791,-1.684268354824145,Out of Work Benefits
Kirkcaldy,S02001792,0.85159741945767,Out of Work Benefits
Kirkcaldy,S02001793,1.3686414680347248,Out of Work Benefits
Kirkcaldy,S02001794,-0.024292420137965013,Out of Work Benefits
Kirkcaldy,S02001795,0.4818018746203421,Out of Work Benefits
Kirkcaldy,S02001796,0.06363834117260199,Out of Work Benefits
Kirkcaldy,S02001780,1.4184460554950946,Participation Rate
Kirkcaldy,S02001781,-1.0995169352028349,Participation Rate
Kirkcaldy,S02001782,-1.3092380892712134,Participation Rate
Kirkcaldy,S02001783,1.1112800322828051,Participation Rate
Kirkcaldy,S02001784,2.373387992446527,Participation Rate
Kirkcaldy,S02001785,0.8534150824186917,Participation Rate
Kirkcaldy,S02001786,0.6779044832396983,Participation Rate
Kirkcaldy,S02001787,-0.45504171613871114,Participation Rate
Kirkcaldy,S02001788,-0.3562617085173165,Participation Rate
Kirkcaldy,S02001789,-0.325305463016122,Participation Rate
Kirkcaldy,S02001790,0.33752246406860537,Participation Rate
Kirkcaldy,S02001791,-0.8954549166904707,Participation Rate
Kirkcaldy,S02001792,-0.3886477570771268,Participation Rate
Kirkcaldy,S02001793,0.016084090137256476,Participation Rate
Kirkcaldy,S02001794,-0.6478968089483773,Participation Rate
Kirkcaldy,S02001795,-0.989703792665937,Participation Rate
Kirkcaldy,S02001796,-0.3209730125605691,Participation Rate
Levenmouth,S02001797,-1.8080646942250747,Attainment
Levenmouth,S02001812,-0.5612494396979602,Attainment
Levenmouth,S02001813,0.018953988626914917,Attainment
Levenmouth,S02001814,1.1463796792731675,Attainment
Levenmouth,S02001815,-0.7192479739866242,Attainment
Levenmouth,S02001816,0.30878138512897657,Attainment
Levenmouth,S02001817,1.2088650431754515,Attainment
Levenmouth,S02001818,0.2970643289192745,Attainment
Levenmouth,S02001819,0.4574938325026423,Attainment
Levenmouth,S02001820,0.9806952919437847,Attainment
Levenmouth,S02001821,-1.3296714416605535,Attainment
Levenmouth,S02001797,1.5942537109639898,Child Poverty
Levenmouth,S02001812,0.2897374302116025,Child Poverty
Levenmouth,S02001813,-0.1998699708299856,Child Poverty
Levenmouth,S02001814,0.3539394260039205,Child Poverty
Levenmouth,S02001815,0.1501530411754926,Child Poverty
Levenmouth,S02001816,1.322444043929659,Child Poverty
Levenmouth,S02001817,-1.4272794271183142,Child Poverty
Levenmouth,S02001818,-0.09253232135886721,Child Poverty
Levenmouth,S02001819,-1.7480358300038763,Child Poverty
Levenmouth,S02001820,-0.5131866165147374,Child Poverty
Levenmouth,S02001821,0.2703765135411173,Child Poverty
Levenmouth,S02001797,0.8620025544981019,Crime Rate
Levenmouth,S02001812,0.016636661011889705,Crime Rate
Levenmouth,S02001813,-0.005273115998334781,Crime Rate
Levenmouth,S02001814,0.8266383389811227,Crime Rate
Levenmouth,S02001815,-0.16800333844964624,Crime Rate
Levenmouth,S02001816,-0.18306419559967133,Crime Rate
Levenmouth,S02001817,-2.692815330394792,Crime Rate
Levenmouth,S02001818,0.6495853263846638,Crime Rate
Levenmouth,S02001819,0.564885689196277,Crime Rate
Levenmouth,S02001820,0.5701213375601043,Crime Rate
Levenmouth,S02001821,-0.44071392718971514,Crime Rate
Levenmouth,S02001797,1.623422378352068,Depopulation
Levenmouth,S02001812,-0.3132470972493,Depopulation
Levenmouth,S02001813,-1.2304694495484463,Depopulation
Levenmouth,S02001814,-0.9283844101513308,Depopulation
Levenmouth,S02001815,-0.6213751369941369,Depopulation
Levenmouth,S02001816,0.6817503648663925,Depopulation
Levenmouth,S02001817,-0.4991106939269748,Depopulation
Levenmouth,S02001818,1.815096677263975,Depopulation
Levenmouth,S02001819,-0.6044139254775167,Depopulation
Levenmouth,S02001820,0.2909376815098105,Depopulation
Levenmouth,S02001821,-0.2142063886445405,Depopulation
Levenmouth,S02001797,0.14216403981181336,Early Mortality
Levenmouth,S02001812,1.2247193547843616,Early Mortality
Levenmouth,S02001813,0.11136071784419264,Early Mortality
Levenmouth,S02001814,0.20619843379973543,Early Mortality
Levenmouth,S02001815,-1.5353093091134247,Early Mortality
Levenmouth,S02001816,0.0032052464263438254,Early Mortality
Levenmouth,S02001817,-2.2246967762989955,Early Mortality
Levenmouth,S02001818,0.46330081163847825,Early Mortality
Levenmouth,S02001819,0.4002245748175588,Early Mortality
Levenmouth,S02001820,0.6850586861036689,Early Mortality
Levenmouth,S02001821,0.5237742201862672,Early Mortality
Levenmouth,S02001797,-1.3871212386071081,Emergency Admissions
Levenmouth,S02001812,-0.2929753573311948,Emergency Admissions
Levenmouth,S02001813,0.019637709853792394,Emergency Admissions
Levenmouth,S02001814,-1.1502678496837095,Emergency Admissions
Levenmouth,S02001815,0.7221161518745952,Emergency Admissions
Levenmouth,S02001816,-1.0570863967332313,Emergency Admissions
Levenmouth,S02001817,0.7290872834210808,Emergency Admissions
Levenmouth,S02001818,0.7583245103900471,Emergency Admissions
Levenmouth,S02001819,-0.8370912366654092,Emergency Admissions
Levenmouth,S02001820,1.0165203712637663,Emergency Admissions
Levenmouth,S02001821,1.478856052217372,Emergency Admissions
Levenmouth,S02001797,1.5683079359170182,Out of Work Benefits
Levenmouth,S02001812,0.6582885205741544,Out of Work Benefits
Levenmouth,S02001813,-0.5574419614466128,Out of Work Benefits
Levenmouth,S02001814,0.28272691868947775,Out of Work Benefits
Levenmouth,S02001815,-0.2102323464198267,Out of Work Benefits
Levenmouth,S02001816,-0.6833598418771292,Out of Work Benefits
Levenmouth,S02001817,0.3870373612536604,Out of Work Benefits
Levenmouth,S02001818,0.5534850871733694,Out of Work Benefits
Levenmouth,S02001819,0.432764179698242,Out of Work Benefits
Levenmouth,S02001820,-2.357169330200348,Out of Work Benefits
Levenmouth,S02001821,-0.0744065233620055,Out of Work Benefits
Levenmouth,S02001797,2.1132893510057844,Participation Rate
Levenmouth,S02001812,-0.2561077234265829,Participation Rate
Levenmouth,S02001813,-0.17256307857477007,Participation Rate
Levenmouth,S02001814,1.3475767929560367,Participation Rate
Levenmouth,S02001815,-1.2056236033572665,Participation Rate
Levenmouth,S02001816,-1.3386236366218083,Participation Rate
Levenmouth,S02001817,-0.30267408773673204,Participation Rate
Levenmouth,S02001818,0.002371584428435391,Participation Rate
Levenmouth,S02001819,-0.16185833266597296,Participation Rate
Levenmouth,S02001820,-0.3728147154881356,Participation Rate
Levenmouth,S02001821,0.34702744948101216,Participation Rate
North East Fife,S02001822,0.7017014433476428,Attainment
North East Fife,S02001823,-0.8903109049428661,Attainment
North East Fife,S02001824,0.3141862856604034,Attainment
North East Fife,S02001825,1.540547531811039,Attainment
North East Fife,S02001826,-0.0040807671910312645,Attainment
North East Fife,S02001827,0.8910709935986145,Attainment
North East Fife,S02001828,0.834803661106122,Attainment
North East Fife,S02001829,-0.2990495787056941,Attainment
North East Fife,S02001830,-0.07712975536137444,Attainment
North East Fife,S02001831,0.296821507768574,Attainment
North East Fife,S02001832,0.8941880967077114,Attainment
North East Fife,S02001833,-0.14589211847679823,Attainment
North East Fife,S02001834,-0.6006654037299738,Attainment
North East Fife,S02001835,-3.3929429135734273,Attainment
North East Fife,S02001836,0.0033792281919534767,Attainment
North East Fife,S02001837,0.06396369027843413,Attainment
North East Fife,S02001838,-0.19188047726744087,Attainment
North East Fife,S02001839,0.5946729656641634,Attainment
North East Fife,S02001840,-0.677808925867536,Attainment
North East Fife,S02001841,0.14442544098148405,Attainment
North East Fife,S02001822,0.12161380181181301,Child Poverty
North East Fife,S02001823,-0.03298741016489595,Child Poverty
North East Fife,S02001824,0.40437173179812863,Child Poverty
North East Fife,S02001825,-0.19390944332263862,Child Poverty
North East Fife,S02001826,-0.3227416834853688,Child Poverty
North East Fife,S02001827,0.40784774766879206,Child Poverty
North East Fife,S02001828,0.5678416943542056,Child Poverty
North East Fife,S02001829,0.23103470199762083,Child Poverty
North East Fife,S02001830,0.6376475763342734,Child Poverty
North East Fife,S02001831,0.5349095005247485,Child Poverty
North East Fife,S02001832,0.19605819988486023,Child Poverty
North East Fife,S02001833,0.39707954567776904,Child Poverty
North East Fife,S02001834,-0.48013336907779663,Child Poverty
North East Fife,S02001835,0.5401113872523491,Child Poverty
North East Fife,S02001836,0.4264937218375812,Child Poverty
North East Fife,S02001837,-4.044288331681982,Child Poverty
North East Fife,S02001838,-0.10298935158203902,Child Poverty
North East Fife,S02001839,0.21478283538561446,Child Poverty
North East Fife,S02001840,0.3080574309656438,Child Poverty
North East Fife,S02001841,0.1891997138213218,Child Poverty
North East Fife,S02001822,-0.5638162482860098,Crime Rate
North East Fife,S02001823,0.7621244029464392,Crime Rate
North East Fife,S02001824,0.0037519358349767233,Crime Rate
North East Fife,S02001825,0.028037307191176482,Crime Rate
North East Fife,S02001826,-1.2734261253276091,Crime Rate
North East Fife,S02001827,0.5122133235986941,Crime Rate
North East Fife,S02001828,0.25908039805889205,Crime Rate
North East Fife,S02001829,-2.536098592876589,Crime Rate
North East Fife,S02001830,-0.06787371968269883,Crime Rate
North East Fife,S02001831,-0.16087764075164399,Crime Rate
North East Fife,S02001832,0.5863769801886919,Crime Rate
North East Fife,S02001833,0.6665641067034971,Crime Rate
North East Fife,S02001834,0.89950670550564,Crime Rate
North East Fife,S02001835,0.42450164173610117,Crime Rate
North East Fife,S02001836,0.7617087043240972,Crime Rate
North East Fife,S02001837,-0.09302166248921294,Crime Rate
North East Fife,S02001838,0.15871889051771154,Crime Rate
North East Fife,S02001839,-2.32062251288441,Crime Rate
North East Fife,S02001840,0.9385051905003614,Crime Rate
North East Fife,S02001841,1.0146469151918944,Crime Rate
North East Fife,S02001822,-0.4056525823631538,Depopulation
North East Fife,S02001823,-0.1464222230867204,Depopulation
North East Fife,S02001824,-0.5927076439531962,Depopulation
North East Fife,S02001825,0.07914721324355978,Depopulation
North East Fife,S02001826,0.563096271462812,Depopulation
North East Fife,S02001827,-0.4088009873415401,Depopulation
North East Fife,S02001828,-0.7875178599967808,Depopulation
North East Fife,S02001829,-0.22976431997596528,Depopulation
North East Fife,S02001830,-1.0336646870342228,Depopulation
North East Fife,S02001831,-1.5748704290804003,Depopulation
North East Fife,S02001832,1.1808998578677046,Depopulation
North East Fife,S02001833,-0.17871142770608592,Depopulation
North East Fife,S02001834,0.41206559371738455,Depopulation
North East Fife,S02001835,2.1149539591821176,Depopulation
North East Fife,S02001836,-0.1458253485275654,Depopulation
North East Fife,S02001837,0.7391086716240457,Depopulation
North East Fife,S02001838,2.3860507187363487,Depopulation
North East Fife,S02001839,-0.9458585754001396,Depopulation
North East Fife,S02001840,-0.5102171455136095,Depopulation
North East Fife,S02001841,-0.5153090558545924,Depopulation
North East Fife,S02001822,0.18836099708638937,Early Mortality
North East Fife,S02001823,2.165579566125399,Early Mortality
North East Fife,S02001824,-0.6311263954175449,Early Mortality
North East Fife,S02001825,-0.19174556635387244,Early Mortality
North East Fife,S02001826,1.575499961447472,Early Mortality
North East Fife,S02001827,-0.6745237011385103,Early Mortality
North East Fife,S02001828,-0.11511283107154537,Early Mortality
North East Fife,S02001829,0.8759452173688141,Early Mortality
North East Fife,S02001830,0.10264045942405968,Early Mortality
North East Fife,S02001831,-0.0288388434909558,Early Mortality
North East Fife,S02001832,-0.6039360378270043,Early Mortality
North East Fife,S02001833,-0.5812636830041016,Early Mortality
North East Fife,S02001834,-0.22043639640344803,Early Mortality
North East Fife,S02001835,-2.7736553975564324,Early Mortality
North East Fife,S02001836,0.35575808515484775,Early Mortality
North East Fife,S02001837,-0.7506372985525037,Early Mortality
North East Fife,S02001838,0.6487667746149947,Early Mortality
North East Fife,S02001839,-0.2321951674702655,Early Mortality
North East Fife,S02001840,0.216819488333317,Early Mortality
North East Fife,S02001841,0.6741007687308901,Early Mortality
North East Fife,S02001822,0.2338314390641995,Emergency Admissions
North East Fife,S02001823,1.7319285452051019,Emergency Admissions
North East Fife,S02001824,1.4377752056818807,Emergency Admissions
North East Fife,S02001825,-0.32011688230200575,Emergency Admissions
North East Fife,S02001826,-0.9871675758069531,Emergency Admissions
North East Fife,S02001827,0.20705324954835969,Emergency Admissions
North East Fife,S02001828,-1.3951807248554788,Emergency Admissions
North East Fife,S02001829,-0.2770747906458649,Emergency Admissions
North East Fife,S02001830,-2.0870103695675013,Emergency Admissions
North East Fife,S02001831,-0.9456772715822012,Emergency Admissions
North East Fife,S02001832,-0.7130540442314751,Emergency Admissions
North East Fife,S02001833,-0.8798725005195196,Emergency Admissions
North East Fife,S02001834,-0.34214422627461055,Emergency Admissions
North East Fife,S02001835,0.26246313176811925,Emergency Admissions
North East Fife,S02001836,-0.2854634449494218,Emergency Admissions
North East Fife,S02001837,1.0144590103007574,Emergency Admissions
North East Fife,S02001838,0.6702654254537407,Emergency Admissions
North East Fife,S02001839,0.688779889129937,Emergency Admissions
North East Fife,S02001840,1.0642277241095064,Emergency Admissions
North East Fife,S02001841,0.9219782104734296,Emergency Admissions
North East Fife,S02001822,-0.516692489695276,Out of Work Benefits
North East Fife,S02001823,0.987714883566365,Out of Work Benefits
North East Fife,S02001824,-0.3912945685722186,Out of Work Benefits
North East Fife,S02001825,-0.47551387217316743,Out of Work Benefits
North East Fife,S02001826,1.4378206946204828,Out of Work Benefits
North East Fife,S02001827,-0.08232200429381643,Out of Work Benefits
North East Fife,S02001828,-1.8227047014610265,Out of Work Benefits
North East Fife,S02001829,0.3122410662085389,Out of Work Benefits
North East Fife,S02001830,-1.4316805677818867,Out of Work Benefits
North East Fife,S02001831,-0.8988558765589268,Out of Work Benefits
North East Fife,S02001832,0.07174513652269801,Out of Work Benefits
North East Fife,S02001833,0.2610289462646933,Out of Work Benefits
North East Fife,S02001834,2.029515730776843,Out of Work Benefits
North East Fife,S02001835,1.449220898176548,Out of Work Benefits
North East Fife,S02001836,0.17270670137097632,Out of Work Benefits
North East Fife,S02001837,0.6811954507378074,Out of Work Benefits
North East Fife,S02001838,-0.6491458557644632,Out of Work Benefits
North East Fife,S02001839,-0.09785453273655834,Out of Work Benefits
North East Fife,S02001840,0.27881641413428615,Out of Work Benefits
North East Fife,S02001841,-1.315941453341899,Out of Work Benefits
North East Fife,S02001822,-0.09422850131289738,Participation Rate
North East Fife,S02001823,-0.6594123048061045,Participation Rate
North East Fife,S02001824,0.47333096577853484,Participation Rate
North East Fife,S02001825,-0.7114139797035327,Participation Rate
North East Fife,S02001826,-0.9961570164195409,Participation Rate
North East Fife,S02001827,0.11201922114872875,Participation Rate
North East Fife,S02001828,-0.5472764940268027,Participation Rate
North East Fife,S02001829,-0.2558082028171053,Participation Rate
North East Fife,S02001830,0.7637007651692365,Participation Rate
North East Fife,S02001831,1.9694278956310198,Participation Rate
North East Fife,S02001832,-0.6319711650250095,Participation Rate
North East Fife,S02001833,0.15800351301054438,Participation Rate
North East Fife,S02001834,2.3264756398656905,Participation Rate
North East Fife,S02001835,-1.6999170504768386,Participation Rate
North East Fife,S02001836,-0.17160555357485105,Participation Rate
North East Fife,S02001837,-1.0805836716776345,Participation Rate
North East Fife,S02001838,1.2855123457849467,Participation Rate
North East Fife,S02001839,-0.41779756505114507,Participation Rate
North East Fife,S02001840,-0.2486979496012075,Participation Rate
North East Fife,S02001841,0.42639910810396736,Participation Rate
South West Fife,S02001738,-0.5263520077589354,Attainment
South West Fife,S02001739,1.1277179201087388,Attainment
South West Fife,S02001740,0.8275141631590365,Attainment
South West Fife,S02001741,-0.05143200760755714,Attainment
South West Fife,S02001742,-1.304723017669505,Attainment
South West Fife,S02001743,-0.5539990515891707,Attainment
South West Fife,S02001759,-0.7278885650386672,Attainment
South West Fife,S02001760,1.6891199121431237,Attainment
South West Fife,S02001761,1.334889378819051,Attainment
South West Fife,S02001762,1.5891854428663585,Attainment
South West Fife,S02001763,-0.24649377387974053,Attainment
South West Fife,S02001764,-0.1509921206166141,Attainment
South West Fife,S02001765,-0.678809078147613,Attainment
South West Fife,S02001766,-0.7850137264800591,Attainment
South West Fife,S02001767,-1.3686857586681684,Attainment
South West Fife,S02001779,-0.17403770964027804,Attainment
South West Fife,S02001738,0.674502758323282,Child Poverty
South West Fife,S02001739,0.29351808519576655,Child Poverty
South West Fife,S02001740,-2.134581170499768,Child Poverty
South West Fife,S02001741,0.01369825254735278,Child Poverty
South West Fife,S02001742,-1.1615019460855052,Child Poverty
South West Fife,S02001743,-0.9068571337197419,Child Poverty
South West Fife,S02001759,-0.7399104325135152,Child Poverty
South West Fife,S02001760,0.7227355974883058,Child Poverty
South West Fife,S02001761,0.10949860689417767,Child Poverty
South West Fife,S02001762,-0.2480988111318622,Child Poverty
South West Fife,S02001763,1.1728439951090996,Child Poverty
South West Fife,S02001764,0.26028413412408696,Child Poverty
South West Fife,S02001765,1.882507245071202,Child Poverty
South West Fife,S02001766,-0.9065233794723687,Child Poverty
South West Fife,S02001767,0.877709806691981,Child Poverty
South West Fife,S02001779,0.09017439197750711,Child Poverty
South West Fife,S02001738,-0.3002696178827756,Crime Rate
South West Fife,S02001739,-0.6479580259237624,Crime Rate
South West Fife,S02001740,-0.1298720176214704,Crime Rate
South West Fife,S02001741,0.11484238141254939,Crime Rate
South West Fife,S02001742,-1.1766356188528668,Crime Rate
South West Fife,S02001743,-0.6613109918594591,Crime Rate
South West Fife,S02001759,0.4184523158593906,Crime Rate
South West Fife,S02001760,1.7167194100074339,Crime Rate
South West Fife,S02001761,0.18223699225247034,Crime Rate
South West Fife,S02001762,0.3382085396932315,Crime Rate
South West Fife,S02001763,-0.8634178835521876,Crime Rate
South West Fife,S02001764,1.513036254396455,Crime Rate
South West Fife,S02001765,-1.3318141220243387,Crime Rate
South West Fife,S02001766,0.026741999872034364,Crime Rate
South West Fife,S02001767,1.8562434202107947,Crime Rate
South West Fife,S02001779,-1.0552030359874982,Crime Rate
South West Fife,S02001738,0.5587816464389755,Depopulation
South West Fife,S02001739,-0.3677344553048173,Depopulation
South West Fife,S02001740,1.5890451146780553,Depopulation
South West Fife,S02001741,0.16135764190307927,Depopulation
South West Fife,S02001742,-0.1604687237034503,Depopulation
South West Fife,S02001743,0.4885566371872776,Depopulation
South West Fife,S02001759,0.3687900937632504,Depopulation
South West Fife,S02001760,-0.7221972679162741,Depopulation
South West Fife,S02001761,-0.3903021202892198,Depopulation
South West Fife,S02001762,0.6531236705796973,Depopulation
South West Fife,S02001763,-0.958328808428497,Depopulation
South West Fife,S02001764,-1.1449753715382718,Depopulation
South West Fife,S02001765,-1.1215817677672375,Depopulation
South West Fife,S02001766,-0.4151016515718833,Depopulation
South West Fife,S02001767,-0.9685386398559104,Depopulation
South West Fife,S02001779,2.429574001825226,Depopulation
South West Fife,S02001738,-2.5495166663265962,Early Mortality
South West Fife,S02001739,0.3398078187715874,Early Mortality
South West Fife,S02001740,-0.8341234303811588,Early Mortality
South West Fife,S02001741,-0.21921959041286718,Early Mortality
South West Fife,S02001742,-0.7446636884368122,Early Mortality
South West Fife,S02001743,0.6793372907692528,Early Mortality
South West Fife,S02001759,0.26653455323997505,Early Mortality
South West Fife,S02001760,-0.9646855031925335,Early Mortality
South West Fife,S02001761,0.10800926416667976,Early Mortality
South West Fife,S02001762,1.2769925650766525,Early Mortality
South West Fife,S02001763,0.4294491305556022,Early Mortality
South West Fife,S02001764,-0.775901773593528,Early Mortality
South West Fife,S02001765,0.9430057065923647,Early Mortality
South West Fife,S02001766,1.3087849807185472,Early Mortality
South West Fife,S02001767,-0.032531678411312444,Early Mortality
South West Fife,S02001779,0.7687210208641466,Early Mortality
South West Fife,S02001738,-0.6712325564892552,Emergency Admissions
South West Fife,S02001739,0.4453543043929245,Emergency Admissions
South West Fife,S02001740,-2.095671994579791,Emergency Admissions
South West Fife,S02001741,0.6940094850756413,Emergency Admissions
South West Fife,S02001742,0.15649656072824442,Emergency Admissions
South West Fife,S02001743,-0.40779060891570257,Emergency Admissions
South West Fife,S02001759,0.4002872338376306,Emergency Admissions
South West Fife,S02001760,0.16630368789413483,Emergency Admissions
South West Fife,S02001761,0.674207274608878,Emergency Admissions
South West Fife,S02001762,1.4050043896177284,Emergency Admissions
South West Fife,S02001763,0.26045980240446504,Emergency Admissions
South West Fife,S02001764,-1.2386204142499588,Emergency Admissions
South West Fife,S02001765,-1.7172957249396208,Emergency Admissions
South West Fife,S02001766,0.36693815386277534,Emergency Admissions
South West Fife,S02001767,0.16216211400148434,Emergency Admissions
South West Fife,S02001779,1.3993882927504215,Emergency Admissions
South West Fife,S02001738,1.2788663126422586,Out of Work Benefits
South West Fife,S02001739,0.42933016120233963,Out of Work Benefits
South West Fife,S02001740,-0.6285623091424586,Out of Work Benefits
South West Fife,S02001741,1.3555913868961778,Out of Work Benefits
South West Fife,S02001742,-0.18209297242412364,Out of Work Benefits
South West Fife,S02001743,-2.085704043338769,Out of Work Benefits
South West Fife,S02001759,0.25672094943589524,Out of Work Benefits
South West Fife,S02001760,-1.0640628759539434,Out of Work Benefits
South West Fife,S02001761,-0.5783529807700566,Out of Work Benefits
South West Fife,S02001762,0.5428456832657029,Out of Work Benefits
South West Fife,S02001763,-0.8877580115339521,Out of Work Benefits
South West Fife,S02001764,1.7282307518652653,Out of Work Benefits
South West Fife,S02001765,0.6146350990980465,Out of Work Benefits
South West Fife,S02001766,-0.7619084676957173,Out of Work Benefits
South West Fife,S02001767,-0.05069270034198652,Out of Work Benefits
South West Fife,S02001779,0.03291401679532106,Out of Work Benefits
South West Fife,S02001738,0.5309497462541041,Participation Rate
South West Fife,S02001739,2.1008720512476096,Participation Rate
South West Fife,S02001740,-0.3875371566286222,Participation Rate
South West Fife,S02001741,0.007331735011381776,Participation Rate
South West Fife,S02001742,-1.0819776488670447,Participation Rate
South West Fife,S02001743,-1.1435606564724528,Participation Rate
South West Fife,S02001759,0.24568637243537184,Participation Rate
South West Fife,S02001760,-0.06664206430090687,Participation Rate
South West Fife,S02001761,-0.1313482916987484,Participation Rate
South West Fife,S02001762,-0.017449090793529957,Participation Rate
South West Fife,S02001763,0.5271473578088546,Participation Rate
South West Fife,S02001764,1.9173561885594665,Participation Rate
South West Fife,S02001765,0.37778462295205784,Participation Rate
South West Fife,S02001766,-0.27136897573897373,Participation Rate
South West Fife,S02001767,-1.4133062165508237,Participation Rate
South West Fife,S02001779,-1.193937973217744,Participation Rate
